vintage_period,target_quarter,update_date,updated_variable,observed,forecast_(prev),impact_date,impacted_variable,news,weight,impact,block,block_label,factor_name
2000-01,2000Q1,,,,,,,,,,,,
2000-04,2000Q2,519.0,gdp_growth,-5.6396730175676115,3.447656043083881,2000-06,gdp_growth,-9.087329060651493,1.2708754740085123e-11,-1.1548863627426795e-10,,,
2000-04,2000Q2,522.0,gdp_growth,-1.1116504165719063,3.4348528059088754,2000-06,gdp_growth,-4.546503222480782,2.2595280269791168e-11,-1.0272951455946197e-10,,,
2000-04,2000Q2,528.0,gdp_growth,-4.142714975007825,3.421098657260722,2000-06,gdp_growth,-7.563813632268547,7.141699980697999e-11,-5.401848767157554e-10,,,
2000-04,2000Q2,531.0,gdp_growth,16.220150658451722,3.4175700549161627,2000-06,gdp_growth,12.80258060353556,1.2696629652658916e-10,1.6254962452140546e-09,,,
2000-04,2000Q2,534.0,gdp_growth,11.819903840389086,3.415273744784025,2000-06,gdp_growth,8.40463009560506,2.2572241001643652e-10,1.8971133604766475e-09,,,
2000-04,2000Q2,537.0,gdp_growth,15.189003262281336,3.4137793740323574,2000-06,gdp_growth,11.775223888248979,4.012921904189418e-10,4.7253053867888816e-09,,,
2000-04,2000Q2,540.0,gdp_growth,7.10996889446505,3.412806881719703,2000-06,gdp_growth,3.6971620127453475,7.134222912933005e-10,2.6376377944153365e-09,,,
2000-04,2000Q2,543.0,gdp_growth,4.4452461798337035,3.4121740124692517,2000-06,gdp_growth,1.033072167364452,1.2683310433768408e-09,1.3102774999169297e-09,,,
2000-04,2000Q2,546.0,gdp_growth,6.754046184990854,3.41176215986845,2000-06,gdp_growth,3.3422840251224044,2.254854708192667e-09,7.536364870164392e-09,,,
2000-04,2000Q2,549.0,gdp_growth,7.9267037467613,3.4114941383700748,2000-06,gdp_growth,4.515209608391225,4.008708734574956e-09,1.8100160195594672e-08,,,
2000-04,2000Q2,552.0,gdp_growth,0.7602293836284155,3.411319717901558,2000-06,gdp_growth,-2.6510903342731424,7.126732217881e-09,-1.8893610897777313e-08,,,
2000-04,2000Q2,555.0,gdp_growth,4.61709549116793,3.4112062102164575,2000-06,gdp_growth,1.2058892809514727,1.2669993118775256e-08,1.527860889166e-08,,,
2000-04,2000Q2,558.0,gdp_growth,0.3216382279495673,3.411132342770243,2000-06,gdp_growth,-3.089494114820676,2.2524871245188963e-08,-6.959045714910476e-08,,,
2000-04,2000Q2,561.0,gdp_growth,2.5212411873146023,3.4110842720197443,2000-06,gdp_growth,-0.8898430847051418,4.004499606531064e-08,-3.5633762825761287e-08,,,
2000-04,2000Q2,564.0,gdp_growth,13.033471903589996,3.4110529889962744,2000-06,gdp_growth,9.622418914593723,7.119249173033363e-08,6.850439790030195e-07,,,
2000-04,2000Q2,567.0,gdp_growth,7.313415512251933,3.411032630929316,2000-06,gdp_growth,3.9023828813226173,1.2656689665986523e-07,4.939124908675869e-07,,,
2000-04,2000Q2,570.0,gdp_growth,3.2659825613008446,3.4110193825011175,2000-06,gdp_growth,-0.1450368212002727,2.2501220199802876e-07,-3.263505450906774e-08,,,
2000-04,2000Q2,573.0,gdp_growth,-2.5581072659520188,3.411010760815665,2000-06,gdp_growth,-5.969118026767683,4.000294894379929e-07,-2.387823236642996e-06,,,
2000-04,2000Q2,576.0,gdp_growth,-6.457502807634594,3.411005150077626,2000-06,gdp_growth,-9.86850795771222,7.111773982504772e-07,-7.018259813979907e-06,,,
2000-04,2000Q2,579.0,gdp_growth,-1.9969675281587889,3.4110014987751622,2000-06,gdp_growth,-5.407969026933951,1.2643400181713963e-06,-6.837511657784019e-06,,,
2000-04,2000Q2,582.0,gdp_growth,0.5980769849233187,3.41099912261545,2000-06,gdp_growth,-2.8129221376921314,2.2477594001243554e-06,-6.322772176815385e-06,,,
2000-04,2000Q2,585.0,gdp_growth,4.304422782519295,3.410997576280948,2000-06,gdp_growth,0.8934252062383474,3.9960945808485474e-06,3.570211625042556e-06,,,
2000-04,2000Q2,588.0,gdp_growth,7.8530872788555435,3.4109965699721627,2000-06,gdp_growth,4.442090708883381,7.1043067367602466e-06,3.15579749484203e-05,,,
2000-04,2000Q2,591.0,gdp_growth,11.27445910238692,3.4109959150961515,2000-06,gdp_growth,7.863463187290769,1.2630124362390778e-05,9.931651797456418e-05,,,
2000-04,2000Q2,594.0,gdp_growth,6.343677340087668,3.4109954889222016,2000-06,gdp_growth,2.932681851165466,2.245399187488358e-05,6.585041445768792e-05,,,
2000-04,2000Q2,597.0,gdp_growth,5.301866261741108,3.4109952115807927,2000-06,gdp_growth,1.8908710501603156,3.9919003184940743e-05,7.548168747366189e-05,,,
2000-04,2000Q2,600.0,gdp_growth,2.108736350100898,3.4109950310952013,2000-06,gdp_growth,-1.3022586809943035,7.096835353423027e-05,-9.241915446582412e-05,,,
2000-04,2000Q2,603.0,gdp_growth,-1.7125005574225018,3.410994913640514,2000-06,gdp_growth,-5.123495471063016,0.00012616912049295896,-0.0006464269174336792,,,
2000-04,2000Q2,606.0,gdp_growth,3.1371236482209914,3.410994837204475,2000-06,gdp_growth,-0.27387118898348384,0.00022430387378524685,-6.143036860716684e-05,,,
2000-04,2000Q2,609.0,gdp_growth,-0.4493330685466774,3.410994787462161,2000-06,gdp_growth,-3.8603278560088383,0.0003987564436058172,-0.0015393306070145534,,,
2000-04,2000Q2,612.0,gdp_growth,6.5217321323415085,3.4109947550913327,2000-06,gdp_growth,3.110737377250176,0.0007090755345521417,0.0022057477686249958,,,
2000-04,2000Q2,615.0,gdp_growth,2.260464080123933,3.410994734025355,2000-06,gdp_growth,-1.150530653901422,0.0012596496278566155,-0.0014492655100245546,,,
2000-04,2000Q2,618.0,gdp_growth,-0.9173474344508965,3.410994720316239,2000-06,gdp_growth,-4.328342154767136,0.0022423129979877447,-0.009705497873372632,,,
2000-04,2000Q2,621.0,gdp_growth,3.8751845383281482,3.4109947113947516,2000-06,gdp_growth,0.46418982693339644,0.003993565371167834,0.0018537724184896018,,,
2000-04,2000Q2,624.0,gdp_growth,-4.187562531556683,3.4109947055889114,2000-06,gdp_growth,-7.598557237145593,0.006937389800218942,-0.05271415347335366,,,
2000-04,2000Q2,627.0,gdp_growth,-10.919763226621514,3.4109947018106426,2000-06,gdp_growth,-14.330757928432156,0.013523296277295994,-0.19379908534439663,,,
2000-04,2000Q2,630.0,gdp_growth,2.3168815216681486,3.4109946993518565,2000-06,gdp_growth,-1.0941131776837079,0.019097887070750424,-0.020895249910023346,,,
2000-04,2000Q2,633.0,gdp_growth,8.878522005283216,3.410994697751751,2000-06,gdp_growth,5.467527307531465,0.03682667780574994,0.20135086654860074,,,
2000-04,2000Q2,636.0,gdp_growth,8.90136641403972,3.4109946967104503,2000-06,gdp_growth,5.49037171732927,0.20965534958984655,1.1510858017748744,,,
2000-05,2000Q2,494.0,BUSINVx,0.0032893495195445155,0.005416922621854269,2000-06,gdp_growth,-0.0021275731023097533,0.05178236584437038,-0.0001101707687444457,demand_orders_inventories,Demand / orders / inventories,demand
2000-05,2000Q2,494.0,CMRMTSPLx,0.005730407775349278,0.0047014755571513495,2000-06,gdp_growth,0.0010289322181979287,0.06451755509006958,6.638419107153236e-05,demand_orders_inventories,Demand / orders / inventories,demand
2000-05,2000Q2,494.0,ISRATIOx,-0.010000000000000009,-0.0004499997843274972,2000-06,gdp_growth,-0.00955000021567251,-0.031012080840086657,0.0002961653787112809,demand_orders_inventories,Demand / orders / inventories,demand
2000-05,2000Q2,494.0,NONREVSL,-0.005691422154327164,0.00225237620676776,2000-06,gdp_growth,-0.007943798361094923,0.009799771110877747,-7.784740568969602e-05,financial_conditions,Financial conditions,financial
2000-05,2000Q2,494.0,RPI,0.002073709268954005,0.004421876589450534,2000-06,gdp_growth,-0.0023481673204965295,0.08089832355771312,-0.00018996279966117648,real_activity_income,Real activity & income,real_activity
2000-05,2000Q2,494.0,gdp_growth,5.2502155318310395,4.887232437720307,2000-06,gdp_growth,0.3629830941107322,0.002451579429830526,0.000889881886898109,,,
2000-05,2000Q2,495.0,AMDMNOx,-0.06649474767589503,-0.005208525020177639,2000-06,gdp_growth,-0.061286222655717384,0.006473358088585683,-0.0003967276651472513,demand_orders_inventories,Demand / orders / inventories,demand
2000-05,2000Q2,495.0,AMDMUOx,-0.008425311954015413,0.010760657530579967,2000-06,gdp_growth,-0.01918596948459538,-0.023822735686117272,0.00045706227991342734,demand_orders_inventories,Demand / orders / inventories,demand
2000-05,2000Q2,495.0,ANDENOx,0.00473833169646376,-0.009333317406424574,2000-06,gdp_growth,0.014071649102888335,0.00127031484178266,1.7875424703756708e-05,demand_orders_inventories,Demand / orders / inventories,demand
2000-05,2000Q2,495.0,AWHMAN,42.1,41.61548469804026,2000-06,gdp_growth,0.48451530195974235,-0.0021902054420943275,-0.001061188051130204,labor_market,Labor market,labor
2000-05,2000Q2,495.0,BAA,0.030000000000001137,0.056758052683013926,2000-06,gdp_growth,-0.026758052683012793,-0.00030586808443891717,8.18443431746875e-06,financial_conditions,Financial conditions,financial
2000-05,2000Q2,495.0,BAAFFM,2.38,2.546727836075305,2000-06,gdp_growth,-0.16672783607530542,0.0006542346429947909,-0.00010907912631202146,financial_conditions,Financial conditions,financial
2000-05,2000Q2,495.0,BUSLOANS,-0.00026873113024539213,9.915741806669467e-05,2000-06,gdp_growth,-0.0003678885483120868,0.003290727987254466,-1.2106211421210007e-06,financial_conditions,Financial conditions,financial
2000-05,2000Q2,495.0,CES3000000008,0.004906630624681441,0.0011550499760200005,2000-06,gdp_growth,0.00375158064866144,-0.027290363326864714,-0.0001023819989520055,labor_market,Labor market,labor
2000-05,2000Q2,495.0,CLAIMSx,0.047891287704414864,0.0009558726410278277,2000-06,gdp_growth,0.04693541506338703,-0.005600568923431174,-0.00026286502701234883,labor_market,Labor market,labor
2000-05,2000Q2,495.0,CLF16OV,0.0025735842660914443,0.002100489983085426,2000-06,gdp_growth,0.000473094283006018,-0.04863059606207235,-2.3006856976141403e-05,labor_market,Labor market,labor
2000-05,2000Q2,495.0,CPIAUCSL,-0.0070340266573794,-0.0004877846565927472,2000-06,gdp_growth,-0.006546242000786652,0.0361518758834569,-0.0002366589283155116,prices_inflation,Prices & inflation,prices
2000-05,2000Q2,495.0,CPIULFSL,-0.008177615665232452,-0.0011339236061875526,2000-06,gdp_growth,-0.007043692059044899,0.01958985711242795,-0.000137984920980633,prices_inflation,Prices & inflation,prices
2000-05,2000Q2,495.0,CUMFNS,0.40000000000000574,0.05747992542564933,2000-06,gdp_growth,0.3425200745743564,9.612919175845901e-06,3.292617792987999e-06,real_activity_income,Real activity & income,real_activity
2000-05,2000Q2,495.0,CUSR0000SAC,-0.012780460886223644,-0.00048283478163226376,2000-06,gdp_growth,-0.01229762610459138,-0.009361201114110807,0.00011512055119121896,prices_inflation,Prices & inflation,prices
2000-05,2000Q2,495.0,CUSR0000SAS,-0.0026023698629087377,-0.000509126244122838,2000-06,gdp_growth,-0.0020932436187858995,0.027227674009962087,-5.699415487573582e-05,prices_inflation,Prices & inflation,prices
2000-05,2000Q2,495.0,FEDFUNDS,0.16999999999999993,0.12203075041584849,2000-06,gdp_growth,0.04796924958415144,-0.00015623050376884864,-7.494260027945613e-06,financial_conditions,Financial conditions,financial
2000-05,2000Q2,495.0,GS10,-0.2699999999999996,-0.038998248749505936,2000-06,gdp_growth,-0.23100175125049366,-0.00012118957346240604,2.7995003703116148e-05,financial_conditions,Financial conditions,financial
2000-05,2000Q2,495.0,HOUST,7.416378479192928,7.374865014941167,2000-06,gdp_growth,0.041513464251760314,-0.011257447118592081,-0.0004673356285237545,housing_construction,Housing & construction,housing
2000-05,2000Q2,495.0,HOUSTMW,5.918893854273146,5.7928864092757175,2000-06,gdp_growth,0.12600744499742836,-0.0010138882246281283,-0.00012775746469836916,housing_construction,Housing & construction,housing
2000-05,2000Q2,495.0,HOUSTNE,4.955827057601261,5.095244635729626,2000-06,gdp_growth,-0.13941757812836578,-2.0146210967268415e-05,2.8087359415196837e-06,housing_construction,Housing & construction,housing
2000-05,2000Q2,495.0,HOUSTS,6.570882962339584,6.606493442213643,2000-06,gdp_growth,-0.035610479874059006,0.0002755303866554907,-9.811769288687046e-06,housing_construction,Housing & construction,housing
2000-05,2000Q2,495.0,HOUSTW,6.075346031088684,5.920951001035332,2000-06,gdp_growth,0.1543950300533521,0.0004433555624424158,6.84518953876176e-05,housing_construction,Housing & construction,housing
2000-05,2000Q2,495.0,INDPRO,0.008913306893518325,0.00394513916424886,2000-06,gdp_growth,0.004968167729269465,-0.00917258111019643,-4.557092146578458e-05,real_activity_income,Real activity & income,real_activity
2000-05,2000Q2,495.0,IPCONGD,0.006055490654680362,0.002925460042063438,2000-06,gdp_growth,0.0031300306126169244,-0.013238293532675038,-4.143626401608152e-05,real_activity_income,Real activity & income,real_activity
2000-05,2000Q2,495.0,IPFINAL,0.0077942013595251325,0.0032700790112513284,2000-06,gdp_growth,0.004524122348273805,-0.005887089296963036,-2.6633912254673993e-05,real_activity_income,Real activity & income,real_activity
2000-05,2000Q2,495.0,IPMANSICS,0.007939161680493356,0.004058061744460204,2000-06,gdp_growth,0.0038810999360331527,0.08503345084199689,0.0003300233206235524,real_activity_income,Real activity & income,real_activity
2000-05,2000Q2,495.0,MANEMP,0.0005989165234971949,0.0003270613690476298,2000-06,gdp_growth,0.0002718551544495651,0.003378985565410327,9.185946427674756e-07,labor_market,Labor market,labor
2000-05,2000Q2,495.0,OILPRICEx,-0.16770920414960688,0.022974291459221086,2000-06,gdp_growth,-0.19068349560882797,-0.0001511854353410057,2.8828567295965404e-05,prices_inflation,Prices & inflation,prices
2000-05,2000Q2,495.0,PAYEMS,0.002596471786400656,0.0014868264383665454,2000-06,gdp_growth,0.0011096453480341107,0.13874085620760926,0.0001539531456730431,labor_market,Labor market,labor
2000-05,2000Q2,495.0,PERMIT,7.351799869057777,7.331848813129882,2000-06,gdp_growth,0.019951055927895107,0.0001937065799059654,3.864650809305198e-06,housing_construction,Housing & construction,housing
2000-05,2000Q2,495.0,REALLN,0.002020019894584557,0.0002267115957017955,2000-06,gdp_growth,0.0017933082988827614,0.011567067063552932,2.0743317358802928e-05,financial_conditions,Financial conditions,financial
2000-05,2000Q2,495.0,RETAILx,-0.0018076279345979884,0.006417344687680236,2000-06,gdp_growth,-0.008224972622278224,0.0011145066866287351,-9.166786984867363e-06,demand_orders_inventories,Demand / orders / inventories,demand
2000-05,2000Q2,495.0,RPI,0.00662535337800918,0.0030301549099475307,2000-06,gdp_growth,0.0035951984680616493,0.03545868292752469,0.0001274810025405205,real_activity_income,Real activity & income,real_activity
2000-05,2000Q2,495.0,T10YFFM,-0.030000000000000027,0.43368058020755196,2000-06,gdp_growth,-0.46368058020755204,-0.001359034655159883,0.000630157977426705,financial_conditions,Financial conditions,financial
2000-05,2000Q2,495.0,TB3MS,-0.030000000000000245,0.11571394731194776,2000-06,gdp_growth,-0.145713947311948,-0.0001114562832727831,1.624073498839587e-05,financial_conditions,Financial conditions,financial
2000-05,2000Q2,495.0,TWEXAFEGSMTHx,0.006981012982648416,0.0013926000327656707,2000-06,gdp_growth,0.005588412949882745,-0.0007022174247839387,-3.924280950295875e-06,financial_conditions,Financial conditions,financial
2000-05,2000Q2,495.0,UEMPMEAN,-0.40000000000000036,-0.026630743316518046,2000-06,gdp_growth,-0.3733692566834823,0.0003440409847389452,-0.00012845432674063326,labor_market,Labor market,labor
2000-05,2000Q2,495.0,UNRATE,-0.19999999999999973,-0.02268357298899546,2000-06,gdp_growth,-0.17731642701100428,-0.001345986712037975,0.00023866555458286324,labor_market,Labor market,labor
2000-05,2000Q2,495.0,W875RX1,0.007139887534130196,0.003008709466430634,2000-06,gdp_growth,0.004131178067699562,0.052860819291956386,0.00021837745729956013,real_activity_income,Real activity & income,real_activity
2000-05,2000Q2,495.0,WPSFD49207,-0.01239475328593187,0.0006464311392785441,2000-06,gdp_growth,-0.013041184425210411,-0.006744364162160193,8.795449686951078e-05,prices_inflation,Prices & inflation,prices
2000-05,2000Q2,499.0,gdp_growth,2.073310824742549,3.8525434963975527,2000-06,gdp_growth,-1.7792326716550035,0.08923608687065113,-0.15877176125090658,,,
2000-05,2000Q2,502.0,gdp_growth,0.992456502429147,3.6729211707377276,2000-06,gdp_growth,-2.68046466830858,0.28216245873598433,-0.7563265013648837,,,
2000-05,2000Q2,505.0,gdp_growth,6.1938436438246445,3.569508802939919,2000-06,gdp_growth,2.6243348408847256,0.5714855234681993,1.4997693702988408,,,
2000-05,2000Q2,508.0,gdp_growth,5.631497921479263,3.509716088942246,2000-06,gdp_growth,2.1217818325370166,0.9502536783494496,2.016230991023336,,,
2000-05,2000Q2,511.0,gdp_growth,6.219680781501317,3.475150773201169,2000-06,gdp_growth,2.7445300083001487,1.4114859371198019,3.873865510718953,,,
2000-05,2000Q2,514.0,gdp_growth,1.6355760074181738,3.4551688849378763,2000-06,gdp_growth,-1.8195928775197028,1.9482022352989645,-3.54493491131796,,,
2000-05,2000Q2,517.0,gdp_growth,0.7643801294178427,3.443617545210198,2000-06,gdp_growth,-2.6792374157923553,2.5534220354984347,-6.841223855816082,,,
2000-05,2000Q2,520.0,gdp_growth,-5.6396730175676115,3.4369398253649566,2000-06,gdp_growth,-9.076612842932567,3.2201647061063365,-29.22818832780295,,,
2000-05,2000Q2,523.0,gdp_growth,-1.1116504165719059,3.4330794989137883,2000-06,gdp_growth,-4.544729915485694,3.941449581111232,-17.912823821654772,,,
2000-05,2000Q2,526.0,gdp_growth,4.504986962508574,3.4308478808382374,2000-06,gdp_growth,1.0741390816703364,4.710295983809517,5.059513002444628,,,
2000-05,2000Q2,529.0,gdp_growth,-4.142714975007825,3.4295578036133927,2000-06,gdp_growth,-7.572272778621218,5.519723234052499,-41.796849990738814,,,
2000-05,2000Q2,532.0,gdp_growth,16.220150658451722,3.4288120222163445,2000-06,gdp_growth,12.791338636235377,6.362750650590856,81.3880982296346,,,
2000-05,2000Q2,535.0,gdp_growth,11.819903840389086,3.428380893070374,2000-06,gdp_growth,8.391522947318713,7.232397551822857,60.69083002025319,,,
2000-05,2000Q2,538.0,gdp_growth,15.189003262281336,3.428131661403774,2000-06,gdp_growth,11.760871600877563,8.121683256033878,95.51807395721164,,,
2000-05,2000Q2,541.0,gdp_growth,7.109968894465051,3.427987582943256,2000-06,gdp_growth,3.681981311521795,9.02362708147309,33.224826276125874,,,
2000-05,2000Q2,544.0,gdp_growth,4.4452461798337035,3.4279042925529595,2000-06,gdp_growth,1.0173418872807443,9.93124834637802,10.103474935757985,,,
2000-05,2000Q2,547.0,gdp_growth,6.754046184990854,3.427856143169,2000-06,gdp_growth,3.326190041821854,10.83756636898239,36.04780533409266,,,
2000-05,2000Q2,550.0,gdp_growth,7.926703746761301,3.427828308467213,2000-06,gdp_growth,4.498875438294087,11.735600467518786,52.797004696952875,,,
2000-05,2000Q2,553.0,gdp_growth,0.7602293836284151,3.427812217490343,2000-06,gdp_growth,-2.667582833861928,12.618369960219486,-33.66054709720052,,,
2000-05,2000Q2,556.0,gdp_growth,4.61709549116793,3.4278029154493654,2000-06,gdp_growth,1.1892925757185648,13.478894165316671,16.030348759707397,,,
2000-05,2000Q2,559.0,gdp_growth,0.32163822794956687,3.42779753802778,2000-06,gdp_growth,-3.1061593100782128,14.310192401042595,-44.44973735550895,,,
2000-05,2000Q2,562.0,gdp_growth,2.5212411873146023,3.427794429391409,2000-06,gdp_growth,-0.9065532420768067,15.10528398562957,-13.693744169663356,,,
2000-05,2000Q2,565.0,gdp_growth,13.033471903589996,3.427792632318233,2000-06,gdp_growth,9.605679271271763,15.857188237310064,152.3190643517837,,,
2000-05,2000Q2,568.0,gdp_growth,7.313415512251933,3.4277915934472896,2000-06,gdp_growth,3.885623918804644,16.558924474316743,64.34175300708476,,,
2000-05,2000Q2,571.0,gdp_growth,3.2659825613008446,3.427790992885859,2000-06,gdp_growth,-0.16180843158501437,17.203512014882524,-2.7836732968820916,,,
2000-05,2000Q2,574.0,gdp_growth,-2.5581072659520183,3.427790645706997,2000-06,gdp_growth,-5.9858979116590145,17.783970177240846,-106.45302994495218,,,
2000-05,2000Q2,577.0,gdp_growth,-6.457502807634594,3.4277904450061927,2000-06,gdp_growth,-9.885293252640786,18.29331827962644,-180.83481575800158,,,
2000-05,2000Q2,580.0,gdp_growth,-1.9969675281587884,3.427790328982963,2000-06,gdp_growth,-5.424757857141751,18.72457564027786,-101.57628882624235,,,
2000-05,2000Q2,583.0,gdp_growth,0.5980769849233187,3.4277902619110354,2000-06,gdp_growth,-2.8297132769877167,19.07076157744529,-53.964787237964146,,,
2000-05,2000Q2,586.0,gdp_growth,4.304422782519295,3.4277902231373907,2000-06,gdp_growth,0.8766325593819045,19.324895409415216,16.94083252254328,,,
2000-05,2000Q2,589.0,gdp_growth,7.853087278855544,3.427790200722715,2000-06,gdp_growth,4.42529707813283,19.479996454586885,86.20477139252122,,,
2000-05,2000Q2,592.0,gdp_growth,11.27445910238692,3.4277901877650034,2000-06,gdp_growth,7.846668914621917,19.529084031711818,153.23825660267238,,,
2000-05,2000Q2,595.0,gdp_growth,6.343677340087668,3.4277901802742736,2000-06,gdp_growth,2.915887159813394,19.46517746064199,56.75826102097507,,,
2000-05,2000Q2,598.0,gdp_growth,5.301866261741108,3.4277901759439535,2000-06,gdp_growth,1.8740760857971546,19.281296064668247,36.13461585796955,,,
2000-05,2000Q2,601.0,gdp_growth,2.108736350100898,3.427790173440637,2000-06,gdp_growth,-1.3190538233397389,18.970459177827436,-25.02305670902372,,,
2000-05,2000Q2,604.0,gdp_growth,-1.7125005574225023,3.427790171993493,2000-06,gdp_growth,-5.140290729415995,18.525686167737085,-95.22741286408908,,,
2000-05,2000Q2,607.0,gdp_growth,3.1371236482209914,3.427790171156913,2000-06,gdp_growth,-0.29066652293592166,17.93999650695269,-5.214556406158518,,,
2000-05,2000Q2,610.0,gdp_growth,-0.4493330685466774,3.427790170673294,2000-06,gdp_growth,-3.877123239219972,17.206409995951844,-66.71137205885172,,,
2000-05,2000Q2,613.0,gdp_growth,6.5217321323415085,3.4277901703937186,2000-06,gdp_growth,3.09394196194779,16.317947459987423,50.48678237931444,,,
2000-05,2000Q2,616.0,gdp_growth,2.260464080123933,3.4277901702320985,2000-06,gdp_growth,-1.1673260901081655,15.267632926156015,-17.82230624889639,,,
2000-05,2000Q2,619.0,gdp_growth,-0.9173474344508961,3.4277901701386675,2000-06,gdp_growth,-4.345137604589563,14.048500434080763,-61.042667524217116,,,
2000-05,2000Q2,622.0,gdp_growth,3.8751845383281482,3.427790170084656,2000-06,gdp_growth,0.4473943682434921,12.65361521838379,5.661156186625053,,,
2000-05,2000Q2,625.0,gdp_growth,-4.187562531556682,3.4277901700534326,2000-06,gdp_growth,-7.615352701610115,11.076141253954226,-84.34872222171556,,,
2000-05,2000Q2,628.0,gdp_growth,-10.919763226621516,3.4277901700353826,2000-06,gdp_growth,-14.347553396656899,9.30953416154134,-133.56903848071588,,,
2000-05,2000Q2,631.0,gdp_growth,2.3168815216681486,3.427790170024948,2000-06,gdp_growth,-1.1109086483567994,7.348388324402464,-8.163388141062827,,,
2000-05,2000Q2,634.0,gdp_growth,8.878522005283216,3.4277901700189157,2000-06,gdp_growth,5.4507318352643,5.187799327133337,28.277302947368394,,,
2000-05,2000Q2,637.0,gdp_growth,8.90136641403972,3.4277901700154287,2000-06,gdp_growth,5.47357624402429,2.865537223022411,15.684736470302802,,,
2000-06,2000Q2,495.0,BUSINVx,0.004399486690799037,0.005620114536934319,2000-06,gdp_growth,-0.001220627846135282,0.003879375929965107,-4.735274285742365e-06,demand_orders_inventories,Demand / orders / inventories,demand
2000-06,2000Q2,495.0,CMRMTSPLx,-0.004341193759698214,-0.0052324715247317,2000-06,gdp_growth,0.0008912777650334849,0.028566132219515185,2.5460358480260518e-05,demand_orders_inventories,Demand / orders / inventories,demand
2000-06,2000Q2,495.0,ISRATIOx,0.010000000000000009,0.016012134770595838,2000-06,gdp_growth,-0.006012134770595827,-0.003415987803270013,2.0537379047970905e-05,demand_orders_inventories,Demand / orders / inventories,demand
2000-06,2000Q2,495.0,NONREVSL,-0.0003876613753170943,0.0005480947001970951,2000-06,gdp_growth,-0.0009357560755141893,-0.0022354061256253522,2.0917948632955587e-06,financial_conditions,Financial conditions,financial
2000-06,2000Q2,496.0,AMDMNOx,0.05785198574679917,0.023437494057657358,2000-06,gdp_growth,0.03441449168914181,0.00012401954297524358,4.2680695310126856e-06,demand_orders_inventories,Demand / orders / inventories,demand
2000-06,2000Q2,496.0,AMDMUOx,0.009517020880245752,0.0017916341890819635,2000-06,gdp_growth,0.007725386691163789,0.0021631663218047046,1.671129631324379e-05,demand_orders_inventories,Demand / orders / inventories,demand
2000-06,2000Q2,496.0,ANDENOx,-0.016290368276925093,-0.012029689913263506,2000-06,gdp_growth,-0.004260678363661587,-0.0005919452204007574,2.5220881930343965e-06,demand_orders_inventories,Demand / orders / inventories,demand
2000-06,2000Q2,496.0,AWHMAN,41.4,42.07194718531222,2000-06,gdp_growth,-0.6719471853122188,-0.000684491187737637,0.00045994192697132273,labor_market,Labor market,labor
2000-06,2000Q2,496.0,BAA,0.5,0.03635450380752209,2000-06,gdp_growth,0.46364549619247786,-0.000191753912821536,-8.89058380569902e-05,financial_conditions,Financial conditions,financial
2000-06,2000Q2,496.0,BAAFFM,2.63,2.4356425832373514,2000-06,gdp_growth,0.19435741676264837,-0.000123817828629593,-2.406491332160798e-05,financial_conditions,Financial conditions,financial
2000-06,2000Q2,496.0,BUSLOANS,0.011320062794101915,0.00022023173660294106,2000-06,gdp_growth,0.011099831057498974,-0.0010985761926601092,-1.2194010142317655e-05,financial_conditions,Financial conditions,financial
2000-06,2000Q2,496.0,CES3000000008,-0.004907614870353072,-0.0008766569733185681,2000-06,gdp_growth,-0.004030957897034504,0.009352494129247248,-3.769951006725803e-05,labor_market,Labor market,labor
2000-06,2000Q2,496.0,CLAIMSx,0.045702153480855934,-0.006975995722023775,2000-06,gdp_growth,0.0526781492028797,0.00027390163816468896,1.4428631362152654e-05,labor_market,Labor market,labor
2000-06,2000Q2,496.0,CLF16OV,-0.005260573187081619,0.0013842584071203279,2000-06,gdp_growth,-0.006644831594201947,0.006360049051642038,-4.226145487902515e-05,labor_market,Labor market,labor
2000-06,2000Q2,496.0,CPIAUCSL,0.0005839416224331373,0.0009772943371883552,2000-06,gdp_growth,-0.0003933527147552179,-0.007121773216916743,2.8013688287452018e-06,prices_inflation,Prices & inflation,prices
2000-06,2000Q2,496.0,CPIULFSL,0.0,0.002041866212128727,2000-06,gdp_growth,-0.002041866212128727,-0.0014558800898510798,2.9727123643778554e-06,prices_inflation,Prices & inflation,prices
2000-06,2000Q2,496.0,CUMFNS,-0.09999999999999433,0.17664584060336183,2000-06,gdp_growth,-0.2766458406033562,1.600709124076759e-05,-4.428295211916769e-06,real_activity_income,Real activity & income,real_activity
2000-06,2000Q2,496.0,CUSR0000SAC,0.0013386786313267507,0.002974290538951449,2000-06,gdp_growth,-0.0016356119076246986,-0.013743306541088395,2.247871582874059e-05,prices_inflation,Prices & inflation,prices
2000-06,2000Q2,496.0,CUSR0000SAS,0.0005113235581237774,-0.0004181243431152413,2000-06,gdp_growth,0.0009294479012390187,0.007608228510257114,7.07145202100534e-06,prices_inflation,Prices & inflation,prices
2000-06,2000Q2,496.0,FEDFUNDS,0.24999999999999997,0.16003289337962498,2000-06,gdp_growth,0.089967106620375,-4.066392928866806e-05,-3.658416061916989e-06,financial_conditions,Financial conditions,financial
2000-06,2000Q2,496.0,GS10,0.4500000000000002,-0.018179027043458522,2000-06,gdp_growth,0.4681790270434587,-7.881472036858047e-05,-3.689939909886427e-05,financial_conditions,Financial conditions,financial
2000-06,2000Q2,496.0,HOUST,7.3727463664043285,7.401483951534576,2000-06,gdp_growth,-0.028737585130247628,-0.002393599721174831,6.878627575499868e-05,housing_construction,Housing & construction,housing
2000-06,2000Q2,496.0,HOUSTMW,5.82600010738045,5.886260025765708,2000-06,gdp_growth,-0.06025991838525752,-0.000303081195017077,1.826364807583538e-05,housing_construction,Housing & construction,housing
2000-06,2000Q2,496.0,HOUSTNE,5.017279836814924,5.027581584827937,2000-06,gdp_growth,-0.01030174801301238,0.00011727734750870939,-1.2081616816692093e-06,housing_construction,Housing & construction,housing
2000-06,2000Q2,496.0,HOUSTS,6.590301048196686,6.548986121546404,2000-06,gdp_growth,0.041314926650281414,-0.0013512663748617621,-5.582747116240537e-05,housing_construction,Housing & construction,housing
2000-06,2000Q2,496.0,HOUSTW,5.924255797414532,6.034882302383292,2000-06,gdp_growth,-0.11062650496876043,-0.00041113431553589755,4.548235240045989e-05,housing_construction,Housing & construction,housing
2000-06,2000Q2,496.0,INDPRO,0.0037737860788880084,0.0045958723237372184,2000-06,gdp_growth,-0.0008220862448492096,-0.004840246556433252,3.97910011572253e-06,real_activity_income,Real activity & income,real_activity
2000-06,2000Q2,496.0,IPCONGD,-0.0008480589615338379,0.0038135741309231067,2000-06,gdp_growth,-0.004661633092456944,-0.005517733807256457,2.5721650511275146e-05,real_activity_income,Real activity & income,real_activity
2000-06,2000Q2,496.0,IPFINAL,0.002977431485653881,0.004577847476567324,2000-06,gdp_growth,-0.0016004159909134433,-0.0027912026448672364,4.467085346725422e-06,real_activity_income,Real activity & income,real_activity
2000-06,2000Q2,496.0,IPMANSICS,0.003076884342082309,0.0054293900579623165,2000-06,gdp_growth,-0.0023525057158800076,0.01949866356826728,-4.587071749637004e-05,real_activity_income,Real activity & income,real_activity
2000-06,2000Q2,496.0,MANEMP,-0.0009200379488110144,0.001840857186535597,2000-06,gdp_growth,-0.0027608951353466117,-0.0009058600661851666,2.5009846500353864e-06,labor_market,Labor market,labor
2000-06,2000Q2,496.0,OILPRICEx,0.26111227341910714,0.0336554428761075,2000-06,gdp_growth,0.22745683054299964,-0.0003504636825682023,-7.97153584573912e-05,prices_inflation,Prices & inflation,prices
2000-06,2000Q2,496.0,PAYEMS,0.0017561402887178446,0.002506751819842184,2000-06,gdp_growth,-0.0007506115311243394,0.01590580652993678,-1.1939081793203362e-05,labor_market,Labor market,labor
2000-06,2000Q2,496.0,PERMIT,7.32052696227274,7.33226310492427,2000-06,gdp_growth,-0.011736142651530624,-0.0014659634942112405,1.7204756689999406e-05,housing_construction,Housing & construction,housing
2000-06,2000Q2,496.0,REALLN,0.00033337888653495185,-0.0003251701887422883,2000-06,gdp_growth,0.0006585490752772402,0.0208464420706986,1.3728405148479118e-05,financial_conditions,Financial conditions,financial
2000-06,2000Q2,496.0,RETAILx,-0.0031119636663508024,0.007880603534528224,2000-06,gdp_growth,-0.010992567200879029,0.0014479395354532966,-1.5916572646279924e-05,demand_orders_inventories,Demand / orders / inventories,demand
2000-06,2000Q2,496.0,RPI,0.003628163176822241,0.0034427439947280845,2000-06,gdp_growth,0.0001854191820941565,0.02350709367545278,4.358666082713174e-06,real_activity_income,Real activity & income,real_activity
2000-06,2000Q2,496.0,T10YFFM,0.17000000000000004,0.028776615250478588,2000-06,gdp_growth,0.14122338474952148,-0.00026635532462395854,-3.761560048945299e-05,financial_conditions,Financial conditions,financial
2000-06,2000Q2,496.0,TB3MS,0.1299999999999999,0.09510233162773261,2000-06,gdp_growth,0.03489766837226727,-3.263449235104368e-05,-1.1388676915640153e-06,financial_conditions,Financial conditions,financial
2000-06,2000Q2,496.0,TWEXAFEGSMTHx,0.03067411534249498,0.0024487352911426396,2000-06,gdp_growth,0.02822538005135234,-0.0005997189104414238,-1.6927294171192125e-05,financial_conditions,Financial conditions,financial
2000-06,2000Q2,496.0,UEMPMEAN,0.1999999999999993,0.03609380018344185,2000-06,gdp_growth,0.16390619981655744,-8.56203213539445e-05,-1.4033701500197486e-05,labor_market,Labor market,labor
2000-06,2000Q2,496.0,UNRATE,0.19999999999999973,-0.010223152180482871,2000-06,gdp_growth,0.21022315218048263,-6.167756643425291e-05,-1.2966052434629776e-05,labor_market,Labor market,labor
2000-06,2000Q2,496.0,W875RX1,0.0010756062525807408,0.00328920121253299,2000-06,gdp_growth,-0.0022135949599522494,0.03633145398127293,-8.042312342068284e-05,real_activity_income,Real activity & income,real_activity
2000-06,2000Q2,496.0,WPSFD49207,0.002909092960684312,0.002303721194418348,2000-06,gdp_growth,0.0006053717662659638,-0.007990375387781508,-4.837147661629377e-06,prices_inflation,Prices & inflation,prices
2000-06,2000Q2,500.0,gdp_growth,2.073310824742549,3.9607223442857302,2000-06,gdp_growth,-1.8874115195431809,0.042429386217933,-0.08008171231487342,,,
2000-06,2000Q2,503.0,gdp_growth,0.9924565024291474,3.750362630161008,2000-06,gdp_growth,-2.7579061277318604,0.14551098888376504,-0.40130564789485823,,,
2000-06,2000Q2,506.0,gdp_growth,6.1938436438246445,3.624397856923233,2000-06,gdp_growth,2.5694457869014116,0.30518546428615406,0.7841575054336097,,,
2000-06,2000Q2,509.0,gdp_growth,5.631497921479263,3.548969170298688,2000-06,gdp_growth,2.0825287511805746,0.5173879281616569,1.0774752359104003,,,
2000-06,2000Q2,512.0,gdp_growth,6.219680781501317,3.5038018856709034,2000-06,gdp_growth,2.715878895830414,0.7780537039984556,2.113099634512089,,,
2000-06,2000Q2,515.0,gdp_growth,1.6355760074181738,3.476755364089505,2000-06,gdp_growth,-1.841179356671331,1.083118226983834,-1.9942149203570882,,,
2000-06,2000Q2,518.0,gdp_growth,0.7643801294178423,3.460559696457914,2000-06,gdp_growth,-2.6961795670400717,1.4285169912709283,-3.8515383230342373,,,
2000-06,2000Q2,521.0,gdp_growth,-5.6396730175676115,3.4508616046258997,2000-06,gdp_growth,-9.090534622193513,1.810185522140194,-16.455554161608873,,,
2000-06,2000Q2,524.0,gdp_growth,-1.1116504165719063,3.445054311754643,2000-06,gdp_growth,-4.556704728326549,2.2240593613038433,-10.134381807732147,,,
2000-06,2000Q2,527.0,gdp_growth,4.504986962508574,3.4415768595839773,2000-06,gdp_growth,1.0634101029245966,2.666074059148181,2.835130089643364,,,
2000-06,2000Q2,530.0,gdp_growth,-4.142714975007825,3.4394945341584564,2000-06,gdp_growth,-7.582209509166282,3.1321651706384945,-23.748732541094626,,,
2000-06,2000Q2,533.0,gdp_growth,16.220150658451722,3.4382476214864863,2000-06,gdp_growth,12.781903036965236,3.6182682531572525,46.24835397358559,,,
2000-06,2000Q2,536.0,gdp_growth,11.819903840389086,3.4375009604735327,2000-06,gdp_growth,8.382402879915553,4.12031886536297,34.53817272318894,,,
2000-06,2000Q2,539.0,gdp_growth,15.189003262281336,3.4370538540475595,2000-06,gdp_growth,11.751949408233775,4.63425256658773,54.461501707516526,,,
2000-06,2000Q2,542.0,gdp_growth,7.109968894465051,3.4367861232397656,2000-06,gdp_growth,3.673182771225285,5.156004916519395,18.938948427711907,,,
2000-06,2000Q2,545.0,gdp_growth,4.4452461798337035,3.4366258039482545,2000-06,gdp_growth,1.0086203758854493,5.681511475033981,5.730488239546267,,,
2000-06,2000Q2,548.0,gdp_growth,6.754046184990854,3.4365298035086993,2000-06,gdp_growth,3.317516381482155,6.206707802107578,20.590854808564995,,,
2000-06,2000Q2,551.0,gdp_growth,7.9267037467613015,3.4364723176983025,2000-06,gdp_growth,4.490231429062999,6.72752945777038,30.208164211227718,,,
2000-06,2000Q2,554.0,gdp_growth,0.7602293836284155,3.436437894747613,2000-06,gdp_growth,-2.676208511119198,7.23991200208377,-19.375514119730617,,,
2000-06,2000Q2,557.0,gdp_growth,4.61709549116793,3.4364172820168193,2000-06,gdp_growth,1.180678209151111,7.739790995130663,9.138202571334768,,,
2000-06,2000Q2,560.0,gdp_growth,0.3216382279495673,3.4364049389531868,2000-06,gdp_growth,-3.1147667110036195,8.223101997014762,-25.613044361488967,,,
2000-06,2000Q2,563.0,gdp_growth,2.5212411873146023,3.436397547830615,2000-06,gdp_growth,-0.9151563605160129,8.68578056786845,-7.948847332731199,,,
2000-06,2000Q2,566.0,gdp_growth,13.033471903589996,3.4363931219688926,2000-06,gdp_growth,9.597078781621104,9.123762267872952,87.56146526955874,,,
2000-06,2000Q2,569.0,gdp_growth,7.313415512251933,3.436390471728446,2000-06,gdp_growth,3.8770250405234874,9.532982657299238,36.95961247322528,,,
2000-06,2000Q2,572.0,gdp_growth,3.2659825613008446,3.4363888847438386,2000-06,gdp_growth,-0.17040632344299422,9.909377296586724,-1.6886205527208211,,,
2000-06,2000Q2,575.0,gdp_growth,-2.558107265952017,3.4363879344451043,2000-06,gdp_growth,-5.994495200397122,10.248881746493206,-61.43687243879119,,,
2000-06,2000Q2,578.0,gdp_growth,-6.457502807634592,3.4363873653988257,2000-06,gdp_growth,-9.893890173033418,10.547431568378988,-104.35512954512731,,,
2000-06,2000Q2,581.0,gdp_growth,-1.996967528158788,3.436387024649485,2000-06,gdp_growth,-5.433354552808273,10.800962324745347,-58.68545782186577,,,
2000-06,2000Q2,584.0,gdp_growth,0.5980769849233187,3.436386820606128,2000-06,gdp_growth,-2.8383098356828094,11.005409580254529,-31.236762257354247,,,
2000-06,2000Q2,587.0,gdp_growth,4.304422782519295,3.4363866984233775,2000-06,gdp_growth,0.8680360840959179,11.156708903662691,9.684425908133424,,,
2000-06,2000Q2,590.0,gdp_growth,7.853087278855545,3.4363866252593955,2000-06,gdp_growth,4.41670065359615,11.250795871481278,49.69139747904823,,,
2000-06,2000Q2,593.0,gdp_growth,11.27445910238692,3.4363865814482337,2000-06,gdp_growth,7.838072520938686,11.283606074912882,88.44172271287148,,,
2000-06,2000Q2,596.0,gdp_growth,6.343677340087668,3.436386555213769,2000-06,gdp_growth,2.907290784873899,11.251075132990422,32.71014705406693,,,
2000-06,2000Q2,599.0,gdp_growth,5.301866261741108,3.436386539504367,2000-06,gdp_growth,1.8654797222367412,11.149138717467043,20.798492197839316,,,
2000-06,2000Q2,602.0,gdp_growth,2.108736350100898,3.4363865300974554,2000-06,gdp_growth,-1.3276501799965574,10.973732599966233,-14.56927806157926,,,
2000-06,2000Q2,605.0,gdp_growth,-1.7125005574225018,3.436386524464523,2000-06,gdp_growth,-5.1488870818870245,10.720792741300208,-55.20015125326882,,,
2000-06,2000Q2,608.0,gdp_growth,3.1371236482209914,3.4363865210914795,2000-06,gdp_growth,-0.2992628728704882,10.38625546066985,-3.108220647526855,,,
2000-06,2000Q2,611.0,gdp_growth,-0.4493330685466774,3.4363865190716747,2000-06,gdp_growth,-3.885719587618352,9.966057756187412,-38.72530583455323,,,
2000-06,2000Q2,614.0,gdp_growth,6.5217321323415085,3.4363865178622,2000-06,gdp_growth,3.085345614479308,9.456137912057176,29.17545363687713,,,
2000-06,2000Q2,617.0,gdp_growth,2.260464080123933,3.436386517137957,2000-06,gdp_growth,-1.1759224370140242,8.85243664878423,-10.409778877550615,,,
2000-06,2000Q2,620.0,gdp_growth,-0.9173474344508965,3.4363865167042746,2000-06,gdp_growth,-4.353733951155172,8.150899302065508,-35.48684702384959,,,
2000-06,2000Q2,623.0,gdp_growth,3.8751845383281482,3.4363865164445824,2000-06,gdp_growth,0.4387980218835657,7.347479950359086,3.224059668046727,,,
2000-06,2000Q2,626.0,gdp_growth,-4.187562531556681,3.4363865162890765,2000-06,gdp_growth,-7.623949047845758,6.438149233920669,-49.08412172183838,,,
2000-06,2000Q2,629.0,gdp_growth,-10.919763226621516,3.4363865161959586,2000-06,gdp_growth,-14.356149742817474,5.418909166929302,-77.79467144316334,,,
2000-06,2000Q2,632.0,gdp_growth,2.3168815216681486,3.4363865161401987,2000-06,gdp_growth,-1.11950499447205,4.2858214761222175,-4.797998547934396,,,
2000-06,2000Q2,635.0,gdp_growth,8.878522005283216,3.4363865161068095,2000-06,gdp_growth,5.442135489176406,3.035492462401902,16.51956125676487,,,
2000-06,2000Q2,638.0,gdp_growth,8.90136641403972,3.4363865160868157,2000-06,gdp_growth,5.464979897952903,2.3314632334090546,12.741399703396759,,,
