vintage_period,target_quarter,within_quarter_origin,third_release,dfm_nowcast,dfm_residual_third_release,fold_id,n_train,model_name,residual_hat,hybrid_nowcast_hat,dfm_error,hybrid_error
2010-01,2010Q1,1,2.738,2.6962783327636894,0.0417216672363105,1,40,elastic_net,1.9793713033346363,4.675649636098326,0.041721667236310545,-1.937649636098326
2010-01,2010Q1,1,2.738,2.6962783327636894,0.0417216672363105,1,40,gbr,2.2394627198275368,4.935741052591226,0.041721667236310545,-2.1977410525912258
2010-04,2010Q2,1,1.7189,4.629332488910334,-2.910432488910334,2,41,elastic_net,-1.0594654277560485,3.5698670611542855,-2.910432488910334,-1.8509670611542854
2010-04,2010Q2,1,1.7189,4.629332488910334,-2.910432488910334,2,41,gbr,-1.0616393055274587,3.5676931833828753,-2.910432488910334,-1.8487931833828752
2010-07,2010Q3,1,2.5585,2.3690313318162612,0.1894686681837387,3,42,elastic_net,-1.0912954768248273,1.277735854991434,0.18946866818373875,1.280764145008566
2010-07,2010Q3,1,2.5585,2.3690313318162612,0.1894686681837387,3,42,gbr,0.2985527099678438,2.667584041784105,0.18946866818373875,-0.1090840417841048
2010-10,2010Q4,1,3.1144,2.209600593120421,0.904799406879579,4,43,elastic_net,-0.9452955903364387,1.2643050027839822,0.904799406879579,1.8500949972160177
2010-10,2010Q4,1,3.1144,2.209600593120421,0.904799406879579,4,43,gbr,-1.253198950409368,0.9564016427110529,0.904799406879579,2.157998357288947
2011-01,2011Q1,1,1.9148,3.160918138751261,-1.2461181387512608,5,44,elastic_net,-2.9389628720206193,0.22195526673064148,-1.2461181387512608,1.6928447332693586
2011-01,2011Q1,1,1.9148,3.160918138751261,-1.2461181387512608,5,44,gbr,-0.023455935077857117,3.1374622036734037,-1.2461181387512608,-1.2226622036734036
2011-04,2011Q2,1,1.3341,4.088410986143658,-2.7543109861436577,6,45,elastic_net,-0.3353666658401533,3.7530443203035047,-2.7543109861436577,-2.4189443203035044
2011-04,2011Q2,1,1.3341,4.088410986143658,-2.7543109861436577,6,45,gbr,0.6311977881667559,4.719608774310414,-2.7543109861436577,-3.3855087743104137
2011-07,2011Q3,1,1.8145,2.059188813875248,-0.2446888138752478,7,46,elastic_net,-1.290303822223685,0.768884991651563,-0.24468881387524788,1.045615008348437
2011-07,2011Q3,1,1.8145,2.059188813875248,-0.2446888138752478,7,46,gbr,-0.9155581144567171,1.1436306994185308,-0.24468881387524788,0.6708693005814692
2011-10,2011Q4,1,2.9546,2.799083085796713,0.1555169142032872,8,47,elastic_net,-1.358037735890128,1.4410453499065847,0.15551691420328728,1.5135546500934154
2011-10,2011Q4,1,2.9546,2.799083085796713,0.1555169142032872,8,47,gbr,-0.22390215413519066,2.575180931661522,0.15551691420328728,0.37941906833847794
2012-01,2012Q1,1,1.8717,4.028645376457211,-2.1569453764572115,9,48,elastic_net,-2.9322292667728638,1.0964161096843474,-2.1569453764572115,0.7752838903156525
2012-01,2012Q1,1,1.8717,4.028645376457211,-2.1569453764572115,9,48,gbr,-1.6426388237721743,2.386006552685037,-2.1569453764572115,-0.514306552685037
2012-04,2012Q2,1,1.2527,2.7713737553384195,-1.5186737553384195,10,49,elastic_net,-2.165192832182922,0.6061809231554975,-1.5186737553384195,0.6465190768445024
2012-04,2012Q2,1,1.2527,2.7713737553384195,-1.5186737553384195,10,49,gbr,-0.47813683302137533,2.2932369223170443,-1.5186737553384195,-1.0405369223170444
2012-07,2012Q3,1,3.106,2.648753272243333,0.4572467277566669,11,50,elastic_net,-2.877447464226586,-0.22869419198325325,0.45724672775666697,3.334694191983253
2012-07,2012Q3,1,3.106,2.648753272243333,0.4572467277566669,11,50,gbr,-0.9912534964380674,1.6574997758052654,0.45724672775666697,1.4485002241947345
2012-10,2012Q4,1,0.3785,2.3950538541434057,-2.016553854143406,12,51,elastic_net,-1.6071521616722915,0.7879016924711142,-2.016553854143406,-0.4094016924711142
2012-10,2012Q4,1,0.3785,2.3950538541434057,-2.016553854143406,12,51,gbr,-0.6140871219362881,1.7809667322071174,-2.016553854143406,-1.4024667322071174
2013-01,2013Q1,1,1.7768,6.546788133447457,-4.769988133447457,13,52,elastic_net,-5.72229550741224,0.8244926260352168,-4.769988133447457,0.9523073739647832
2013-01,2013Q1,1,1.7768,6.546788133447457,-4.769988133447457,13,52,gbr,-1.948246372634054,4.5985417608134025,-4.769988133447457,-2.8217417608134028
2013-04,2013Q2,1,2.4817,2.0904129066042083,0.3912870933957917,14,53,elastic_net,1.976589524099357,4.067002430703566,0.3912870933957917,-1.5853024307035657
2013-04,2013Q2,1,2.4817,2.0904129066042083,0.3912870933957917,14,53,gbr,-1.3975733130816275,0.6928395935225808,0.3912870933957917,1.7888604064774192
2013-07,2013Q3,1,4.1341,3.0518658222831143,1.0822341777168858,15,54,elastic_net,-1.0297911527028587,2.0220746695802556,1.0822341777168858,2.1120253304197445
2013-07,2013Q3,1,4.1341,3.0518658222831143,1.0822341777168858,15,54,gbr,-1.6039804277650467,1.4478853945180676,1.0822341777168858,2.6862146054819327
2013-10,2013Q4,1,2.6266,3.457259633168662,-0.8306596331686622,16,55,elastic_net,-1.4379959778271165,2.0192636553415455,-0.8306596331686622,0.6073363446584543
2013-10,2013Q4,1,2.6266,3.457259633168662,-0.8306596331686622,16,55,gbr,-0.9338551954774269,2.523404437691235,-0.8306596331686622,0.10319556230876481
2014-01,2014Q1,1,-2.9304,3.061737956410492,-5.992137956410492,17,56,elastic_net,-1.1048878187962745,1.9568501376142176,-5.992137956410492,-4.887250137614218
2014-01,2014Q1,1,-2.9304,3.061737956410492,-5.992137956410492,17,56,gbr,-1.0174660304454066,2.0442719259650852,-5.992137956410492,-4.974671925965085
2014-04,2014Q2,1,4.592,3.7839434088400266,0.8080565911599731,18,57,elastic_net,-2.5002024394651703,1.2837409693748563,0.8080565911599731,3.3082590306251434
2014-04,2014Q2,1,4.592,3.7839434088400266,0.8080565911599731,18,57,gbr,-3.229561717915426,0.5543816909246004,0.8080565911599731,4.037618309075399
2014-07,2014Q3,1,4.9667,2.6711460136197003,2.2955539863803,19,58,elastic_net,2.1093538614423255,4.780499875062025,2.2955539863803,0.186200124937975
2014-07,2014Q3,1,4.9667,2.6711460136197003,2.2955539863803,19,58,gbr,0.17322593808227738,2.8443719517019774,2.2955539863803,2.122328048298023
2014-10,2014Q4,1,2.2174,2.9960533682427095,-0.7786533682427095,20,59,elastic_net,-2.2790410234889578,0.7170123447537518,-0.7786533682427095,1.5003876552462483
2014-10,2014Q4,1,2.2174,2.9960533682427095,-0.7786533682427095,20,59,gbr,-2.53586464225081,0.4601887259918995,-0.7786533682427095,1.7572112740081005
2015-01,2015Q1,1,-0.1717,3.579581863591359,-3.751281863591359,21,60,elastic_net,-11.698836007537736,-8.119254143946376,-3.751281863591359,7.947554143946376
2015-01,2015Q1,1,-0.1717,3.579581863591359,-3.751281863591359,21,60,gbr,-1.215482337951656,2.364099525639703,-3.751281863591359,-2.535799525639703
2015-04,2015Q2,1,3.921,2.081305553324254,1.839694446675746,22,61,elastic_net,2.2136431558199297,4.294948709144183,1.8396944466757459,-0.3739487091441833
2015-04,2015Q2,1,3.921,2.081305553324254,1.839694446675746,22,61,gbr,-0.33018421118810115,1.7511213421361527,1.8396944466757459,2.169878657863847
2015-07,2015Q3,1,1.9835,2.6089639472523483,-0.6254639472523482,23,62,elastic_net,-1.4897145657913933,1.119249381460955,-0.6254639472523482,0.8642506185390451
2015-07,2015Q3,1,1.9835,2.6089639472523483,-0.6254639472523482,23,62,gbr,-1.368749228899611,1.2402147183527372,-0.6254639472523482,0.7432852816472628
2015-10,2015Q4,1,1.3865,2.376082893797276,-0.989582893797276,24,63,elastic_net,-1.0337180269359934,1.3423648668612826,-0.9895828937972759,0.04413513313871742
2015-10,2015Q4,1,1.3865,2.376082893797276,-0.989582893797276,24,63,gbr,-1.580723345883917,0.795359547913359,-0.9895828937972759,0.591140452086641
2016-01,2016Q1,1,1.0729,2.2981844812042804,-1.2252844812042805,25,64,elastic_net,0.11821368841669722,2.4163981696209778,-1.2252844812042805,-1.3434981696209778
2016-01,2016Q1,1,1.0729,2.2981844812042804,-1.2252844812042805,25,64,gbr,-0.772533103436575,1.5256513777677054,-1.2252844812042805,-0.45275137776770547
2016-04,2016Q2,1,1.4138,2.096916479377624,-0.6831164793776241,26,65,elastic_net,1.1140900718543827,3.211006551232007,-0.6831164793776241,-1.797206551232007
2016-04,2016Q2,1,1.4138,2.096916479377624,-0.6831164793776241,26,65,gbr,0.28733973923312855,2.3842562186107528,-0.6831164793776241,-0.9704562186107528
2016-07,2016Q3,1,3.5164,2.0553500004519765,1.4610499995480235,27,66,elastic_net,-1.4930380893891897,0.5623119110627868,1.4610499995480235,2.954088088937213
2016-07,2016Q3,1,3.5164,2.0553500004519765,1.4610499995480235,27,66,gbr,-2.471080575391437,-0.4157305749394604,1.4610499995480235,3.9321305749394604
2016-10,2016Q4,1,2.0798,1.7956669022884897,0.2841330977115104,28,67,elastic_net,1.2216487646654195,3.017315666953909,0.2841330977115104,-0.9375156669539089
2016-10,2016Q4,1,2.0798,1.7956669022884897,0.2841330977115104,28,67,gbr,1.572282381902147,3.3679492841906367,0.2841330977115104,-1.2881492841906366
2017-01,2017Q1,1,1.4231,2.574311325458031,-1.151211325458031,29,68,elastic_net,-0.7057643000823657,1.8685470253756653,-1.151211325458031,-0.4454470253756653
2017-01,2017Q1,1,1.4231,2.574311325458031,-1.151211325458031,29,68,gbr,-0.7778856834583714,1.7964256419996596,-1.151211325458031,-0.37332564199965956
2017-04,2017Q2,1,3.0612,2.00009583806192,1.06110416193808,30,69,elastic_net,0.3878439744860851,2.387939812548005,1.06110416193808,0.6732601874519948
2017-04,2017Q2,1,3.0612,2.00009583806192,1.06110416193808,30,69,gbr,0.672138890712956,2.6722347287748756,1.06110416193808,0.38896527122512436
2017-07,2017Q3,1,3.1557,2.9412339902618765,0.2144660097381234,31,70,elastic_net,-2.5802868016652196,0.36094718859665686,0.21446600973812346,2.794752811403343
2017-07,2017Q3,1,3.1557,2.9412339902618765,0.2144660097381234,31,70,gbr,-0.8784636892114677,2.062770301050409,0.21446600973812346,1.092929698949591
2017-10,2017Q4,1,2.8879,1.940734204568399,0.9471657954316012,32,71,elastic_net,-0.3449621474781741,1.595772057090225,0.9471657954316011,1.2921279429097752
2017-10,2017Q4,1,2.8879,1.940734204568399,0.9471657954316012,32,71,gbr,0.1482809449708441,2.089015149539243,0.9471657954316011,0.7988848504607571
2018-01,2018Q1,1,1.9908,2.9667206331625224,-0.9759206331625224,33,72,elastic_net,-0.6254868721669645,2.341233760995558,-0.9759206331625225,-0.3504337609955581
2018-01,2018Q1,1,1.9908,2.9667206331625224,-0.9759206331625224,33,72,gbr,0.7073095301321947,3.674030163294717,-0.9759206331625225,-1.683230163294717
2018-04,2018Q2,1,4.1585,3.3863246333750943,0.7721753666249058,34,73,elastic_net,0.06386276635992083,3.450187399735015,0.7721753666249058,0.7083126002649851
2018-04,2018Q2,1,4.1585,3.3863246333750943,0.7721753666249058,34,73,gbr,-0.20275247345496322,3.183572159920131,0.7721753666249058,0.9749278400798689
2018-07,2018Q3,1,3.3561,2.5018613976542663,0.8542386023457338,35,74,elastic_net,-0.1740835954124461,2.3277778022418203,0.8542386023457338,1.0283221977581798
2018-07,2018Q3,1,3.3561,2.5018613976542663,0.8542386023457338,35,74,gbr,0.7421688161341385,3.2440302137884047,0.8542386023457338,0.11206978621159536
2018-10,2018Q4,1,2.1669,3.4380901659546126,-1.2711901659546123,36,75,elastic_net,0.36262865544604456,3.800718821400657,-1.2711901659546125,-1.633818821400657
2018-10,2018Q4,1,2.1669,3.4380901659546126,-1.2711901659546123,36,75,gbr,0.4735616799763276,3.9116518459309404,-1.2711901659546125,-1.7447518459309403
2019-01,2019Q1,1,3.1268,3.4870702970821377,-0.3602702970821378,37,76,elastic_net,-0.8215899689075076,2.66548032817463,-0.36027029708213787,0.4613196718253696
2019-01,2019Q1,1,3.1268,3.4870702970821377,-0.3602702970821378,37,76,gbr,-0.8231759320523708,2.663894365029767,-0.36027029708213787,0.46290563497023296
2019-04,2019Q2,1,2.0143,1.82110348463148,0.1931965153685197,38,77,elastic_net,0.5036340907903868,2.324737575421867,0.19319651536852,-0.3104375754218669
2019-04,2019Q2,1,2.0143,1.82110348463148,0.1931965153685197,38,77,gbr,0.5964125835040571,2.417516068135537,0.19319651536852,-0.40321606813553723
2019-07,2019Q3,1,2.1024,2.934880802563357,-0.832480802563357,39,78,elastic_net,-0.2506826196397952,2.6841981829235615,-0.832480802563357,-0.5817981829235617
2019-07,2019Q3,1,2.1024,2.934880802563357,-0.832480802563357,39,78,gbr,-1.4777707393923534,1.4571100631710034,-0.832480802563357,0.6452899368289964
2019-10,2019Q4,1,2.1275,2.2275570576727244,-0.1000570576727244,40,79,elastic_net,-0.3389306058803341,1.8886264517923903,-0.10005705767272444,0.23887354820760964
2019-10,2019Q4,1,2.1275,2.2275570576727244,-0.1000570576727244,40,79,gbr,-0.019804884734591653,2.207752172938133,-0.10005705767272444,-0.08025217293813292
2020-01,2020Q1,1,-4.9937,3.133690302006816,-8.127390302006816,41,80,elastic_net,-0.2965037614115237,2.8371865405952925,-8.127390302006816,-7.8308865405952925
2020-01,2020Q1,1,-4.9937,3.133690302006816,-8.127390302006816,41,80,gbr,1.8373527814770885,4.971043083483904,-8.127390302006816,-9.964743083483903
2020-04,2020Q2,1,-31.3827,-10.724207510944526,-20.658492489055476,42,81,elastic_net,-23.250854408315778,-33.975061919260305,-20.658492489055476,2.5923619192603056
2020-04,2020Q2,1,-31.3827,-10.724207510944526,-20.658492489055476,42,81,gbr,-2.9801046143993615,-13.704312125343886,-20.658492489055476,-17.678387874656114
2020-07,2020Q3,1,33.441,9.267811000252705,24.1731889997473,43,82,elastic_net,-19.754260342310587,-10.486449342057883,24.173188999747296,43.92744934205788
2020-07,2020Q3,1,33.441,9.267811000252705,24.1731889997473,43,82,gbr,-7.378506514127056,1.8893044861256483,24.173188999747296,31.551695513874353
2020-10,2020Q4,1,4.3251,2.9344573632124407,1.3906426367875593,44,83,elastic_net,1.996861191673505,4.931318554885946,1.3906426367875593,-0.6062185548859462
2020-10,2020Q4,1,4.3251,2.9344573632124407,1.3906426367875593,44,83,gbr,-4.714732657286436,-1.780275294073995,1.3906426367875593,6.105375294073995
2021-01,2021Q1,1,6.361,8.76727427747565,-2.4062742774756503,45,84,elastic_net,-6.1261160513538515,2.6411582261217985,-2.4062742774756503,3.7198417738782013
2021-01,2021Q1,1,6.361,8.76727427747565,-2.4062742774756503,45,84,gbr,1.047292116873495,9.814566394349145,-2.4062742774756503,-3.453566394349145
2021-04,2021Q2,1,6.7251,5.060771141233375,1.6643288587666252,46,85,elastic_net,3.795124459958376,8.855895601191751,1.6643288587666252,-2.1307956011917506
2021-04,2021Q2,1,6.7251,5.060771141233375,1.6643288587666252,46,85,gbr,-0.04845908465681725,5.012312056576558,1.6643288587666252,1.712787943423442
2021-07,2021Q3,1,2.3038,4.036520875710002,-1.732720875710002,47,86,elastic_net,-0.09434263693346812,3.942178238776534,-1.7327208757100019,-1.638378238776534
2021-07,2021Q3,1,2.3038,4.036520875710002,-1.732720875710002,47,86,gbr,-1.5801088789283189,2.456411996781683,-1.7327208757100019,-0.15261199678168325
2021-10,2021Q4,1,6.8946,2.669610815141569,4.224989184858431,48,87,elastic_net,-2.128783182864887,0.5408276322766818,4.224989184858431,6.353772367723318
2021-10,2021Q4,1,6.8946,2.669610815141569,4.224989184858431,48,87,gbr,-0.5172058128857451,2.152405002255824,4.224989184858431,4.742194997744176
2022-01,2022Q1,1,-1.574,2.9367638730293084,-4.510763873029308,49,88,elastic_net,-1.5835517372606867,1.3532121357686218,-4.510763873029308,-2.927212135768622
2022-01,2022Q1,1,-1.574,2.9367638730293084,-4.510763873029308,49,88,gbr,-0.18210661296243488,2.7546572600668737,-4.510763873029308,-4.328657260066874
2022-04,2022Q2,1,-0.5769,4.909403523785632,-5.486303523785632,50,89,elastic_net,-2.890909619841395,2.018493903944237,-5.486303523785632,-2.5953939039442373
2022-04,2022Q2,1,-0.5769,4.909403523785632,-5.486303523785632,50,89,gbr,-7.186380839840715,-2.276977316055083,-5.486303523785632,1.700077316055083
2022-07,2022Q3,1,3.2435,0.958443824340404,2.285056175659596,51,90,elastic_net,-0.21454353550487798,0.743900288835526,2.285056175659596,2.499599711164474
2022-07,2022Q3,1,3.2435,0.958443824340404,2.285056175659596,51,90,gbr,-0.5540169776993957,0.40442684664100825,2.285056175659596,2.8390731533589917
2022-10,2022Q4,1,2.5735,3.32397512933526,-0.7504751293352601,52,91,elastic_net,-0.7761804353661529,2.547794693969107,-0.7504751293352601,0.025705306030892938
2022-10,2022Q4,1,2.5735,3.32397512933526,-0.7504751293352601,52,91,gbr,-3.0690077821709516,0.2549673471643086,-0.7504751293352601,2.3185326528356915
2023-01,2023Q1,1,2.0027,1.2058389767640822,0.7968610232359177,53,92,elastic_net,-1.7010580405559057,-0.49521906379182346,0.7968610232359177,2.4979190637918234
2023-01,2023Q1,1,2.0027,1.2058389767640822,0.7968610232359177,53,92,gbr,-0.713530718167672,0.49230825859641025,0.7968610232359177,1.5103917414035897
2023-04,2023Q2,1,2.0617,1.8928053669368168,0.1688946330631835,54,93,elastic_net,-0.47297262777709476,1.419832739159722,0.1688946330631833,0.641867260840278
2023-04,2023Q2,1,2.0617,1.8928053669368168,0.1688946330631835,54,93,gbr,-0.8820935176355047,1.010711849301312,0.1688946330631833,1.050988150698688
2023-07,2023Q3,1,4.8609,2.684010537428732,2.176889462571268,55,94,elastic_net,-0.3350374119320878,2.348973125496644,2.176889462571268,2.511926874503356
2023-07,2023Q3,1,4.8609,2.684010537428732,2.176889462571268,55,94,gbr,-0.10794650832971749,2.5760640290990144,2.176889462571268,2.2848359709009856
2023-10,2023Q4,1,3.3967,3.065904535895465,0.330795464104535,56,95,elastic_net,1.2250706915512009,4.2909752274466655,0.330795464104535,-0.8942752274466654
2023-10,2023Q4,1,3.3967,3.065904535895465,0.330795464104535,56,95,gbr,0.8764266195000194,3.9423311553954843,0.330795464104535,-0.5456311553954842
2024-01,2024Q1,1,1.4095,3.0896483498233427,-1.6801483498233427,57,96,elastic_net,-0.4838220087596866,2.605826341063656,-1.6801483498233427,-1.196326341063656
2024-01,2024Q1,1,1.4095,3.0896483498233427,-1.6801483498233427,57,96,gbr,-1.1133985091531362,1.9762498406702065,-1.6801483498233427,-0.5667498406702065
2024-04,2024Q2,1,2.9895,2.9919615340870425,-0.0024615340870424,58,97,elastic_net,-0.1022972763370017,2.8896642577500407,-0.0024615340870424163,0.09983574224995939
2024-04,2024Q2,1,2.9895,2.9919615340870425,-0.0024615340870424,58,97,gbr,0.670153441287791,3.662114975374833,-0.0024615340870424163,-0.6726149753748332
2024-07,2024Q3,1,3.073,2.4302157333566914,0.6427842666433086,59,98,elastic_net,-0.2565197447176334,2.173695988639058,0.6427842666433086,0.8993040113609418
2024-07,2024Q3,1,3.073,2.4302157333566914,0.6427842666433086,59,98,gbr,-0.4755961018961496,1.9546196314605417,0.6427842666433086,1.1183803685394582
2024-10,2024Q4,1,2.4495,2.2549824398171094,0.1945175601828905,60,99,elastic_net,0.43374455649878024,2.6887269963158897,0.19451756018289057,-0.23922699631588973
2024-10,2024Q4,1,2.4495,2.2549824398171094,0.1945175601828905,60,99,gbr,-0.3046826328681996,1.95029980694891,0.19451756018289057,0.4992001930510901
2025-01,2025Q1,1,-0.502,3.357373659565634,-3.859373659565634,61,100,elastic_net,-1.3599896924262698,1.9973839671393643,-3.859373659565634,-2.499383967139364
2025-01,2025Q1,1,-0.502,3.357373659565634,-3.859373659565634,61,100,gbr,-2.427833887476708,0.9295397720889262,-3.859373659565634,-1.4315397720889262
2025-04,2025Q2,1,3.8386,4.313114358422499,-0.4745143584224993,62,101,elastic_net,-0.6499278875461083,3.663186470876391,-0.47451435842249934,0.1754135291236092
2025-04,2025Q2,1,3.8386,4.313114358422499,-0.4745143584224993,62,101,gbr,-1.389325780256994,2.9237885781655053,-0.47451435842249934,0.9148114218344947
2010-02,2010Q1,2,2.738,3.74545252272316,-1.00745252272316,1,40,elastic_net,0.7006057683168119,4.4460582910399715,-1.00745252272316,-1.7080582910399715
2010-02,2010Q1,2,2.738,3.74545252272316,-1.00745252272316,1,40,gbr,2.0732614928129416,5.818714015536102,-1.00745252272316,-3.080714015536102
2010-05,2010Q2,2,1.7189,5.962787306805565,-4.243887306805565,2,41,elastic_net,-0.33162996236517234,5.631157344440393,-4.243887306805565,-3.9122573444403925
2010-05,2010Q2,2,1.7189,5.962787306805565,-4.243887306805565,2,41,gbr,0.1975699334886442,6.160357240294209,-4.243887306805565,-4.441457240294209
2010-08,2010Q3,2,2.5585,3.1387822085190273,-0.5802822085190273,3,42,elastic_net,-3.254948595615721,-0.11616638709669358,-0.5802822085190273,2.6746663870966936
2010-08,2010Q3,2,2.5585,3.1387822085190273,-0.5802822085190273,3,42,gbr,-2.5989815873147006,0.5398006212043267,-0.5802822085190273,2.0186993787956733
2010-11,2010Q4,2,3.1144,2.666300797868697,0.4480992021313028,4,43,elastic_net,-1.988433750809183,0.6778670470595141,0.44809920213130283,2.4365329529404858
2010-11,2010Q4,2,3.1144,2.666300797868697,0.4480992021313028,4,43,gbr,-0.8308278211771882,1.8354729766915088,0.44809920213130283,1.278927023308491
2011-02,2011Q1,2,1.9148,4.789607362368934,-2.874807362368934,5,44,elastic_net,-1.0190319419026144,3.7705754204663195,-2.874807362368934,-1.8557754204663195
2011-02,2011Q1,2,1.9148,4.789607362368934,-2.874807362368934,5,44,gbr,-0.07650118852911975,4.713106173839814,-2.874807362368934,-2.7983061738398143
2011-05,2011Q2,2,1.3341,2.8542439462713984,-1.5201439462713984,6,45,elastic_net,-3.812281493626503,-0.9580375473551044,-1.5201439462713984,2.2921375473551047
2011-05,2011Q2,2,1.3341,2.8542439462713984,-1.5201439462713984,6,45,gbr,-0.37581950511016177,2.478424441161237,-1.5201439462713984,-1.1443244411612368
2011-08,2011Q3,2,1.8145,2.721586802025003,-0.9070868020250032,7,46,elastic_net,-1.2533567952719804,1.4682300067530227,-0.9070868020250031,0.34626999324697727
2011-08,2011Q3,2,1.8145,2.721586802025003,-0.9070868020250032,7,46,gbr,-1.5703260227054934,1.1512607793195098,-0.9070868020250031,0.6632392206804902
2011-11,2011Q4,2,2.9546,3.087307425169085,-0.1327074251690847,8,47,elastic_net,-1.8104856399357616,1.2768217852333232,-0.13270742516908474,1.6777782147666769
2011-11,2011Q4,2,2.9546,3.087307425169085,-0.1327074251690847,8,47,gbr,-1.080698876253129,2.0066085489159557,-0.13270742516908474,0.9479914510840444
2012-02,2012Q1,2,1.8717,4.941992891428451,-3.0702928914284513,9,48,elastic_net,-1.5414985311484894,3.4004943602799615,-3.0702928914284513,-1.5287943602799616
2012-02,2012Q1,2,1.8717,4.941992891428451,-3.0702928914284513,9,48,gbr,-2.050451377987814,2.891541513440637,-3.0702928914284513,-1.019841513440637
2012-05,2012Q2,2,1.2527,2.848587120192675,-1.5958871201926752,10,49,elastic_net,-1.6369257678772204,1.2116613523154547,-1.5958871201926752,0.04103864768454524
2012-05,2012Q2,2,1.2527,2.848587120192675,-1.5958871201926752,10,49,gbr,-1.0993517124671055,1.7492354077255696,-1.5958871201926752,-0.4965354077255697
2012-08,2012Q3,2,3.106,2.808476534223132,0.2975234657768677,11,50,elastic_net,-1.4520517612207244,1.3564247730024077,0.2975234657768677,1.7495752269975922
2012-08,2012Q3,2,3.106,2.808476534223132,0.2975234657768677,11,50,gbr,-0.40212769254476394,2.4063488416783683,0.2975234657768677,0.6996511583216316
2012-11,2012Q4,2,0.3785,1.7708555755590891,-1.3923555755590893,12,51,elastic_net,-0.450770205460673,1.320085370098416,-1.392355575559089,-0.941585370098416
2012-11,2012Q4,2,0.3785,1.7708555755590891,-1.3923555755590893,12,51,gbr,-0.44228454067842254,1.3285710348806665,-1.392355575559089,-0.9500710348806665
2013-02,2013Q1,2,1.7768,4.639141620277142,-2.8623416202771423,13,52,elastic_net,-4.889006586990555,-0.24986496671341296,-2.8623416202771423,2.0266649667134127
2013-02,2013Q1,2,1.7768,4.639141620277142,-2.8623416202771423,13,52,gbr,-0.7038023494019713,3.9353392708751707,-2.8623416202771423,-2.1585392708751705
2013-05,2013Q2,2,2.4817,1.4424103341706598,1.0392896658293402,14,53,elastic_net,-1.6246614833394815,-0.18225114916882168,1.0392896658293402,2.6639511491688217
2013-05,2013Q2,2,2.4817,1.4424103341706598,1.0392896658293402,14,53,gbr,-1.3651562616411583,0.07725407252950145,1.0392896658293402,2.4044459274704986
2013-08,2013Q3,2,4.1341,2.4846225279937606,1.6494774720062395,15,54,elastic_net,-1.1155464022819646,1.369076125711796,1.6494774720062395,2.765023874288204
2013-08,2013Q3,2,4.1341,2.4846225279937606,1.6494774720062395,15,54,gbr,0.12561124437599716,2.610233772369758,1.6494774720062395,1.5238662276302422
2013-11,2013Q4,2,2.6266,3.0019048790048024,-0.3753048790048026,16,55,elastic_net,-0.41196086978069857,2.5899440092241037,-0.3753048790048026,0.0366559907758961
2013-11,2013Q4,2,2.6266,3.0019048790048024,-0.3753048790048026,16,55,gbr,0.8369104343189877,3.8388153133237903,-0.3753048790048026,-1.2122153133237905
2014-02,2014Q1,2,-2.9304,1.806245902630479,-4.736645902630479,17,56,elastic_net,-1.1860689983322619,0.620176904298217,-4.736645902630479,-3.550576904298217
2014-02,2014Q1,2,-2.9304,1.806245902630479,-4.736645902630479,17,56,gbr,-0.08592265822838303,1.720323244402096,-4.736645902630479,-4.650723244402096
2014-05,2014Q2,2,4.592,3.8892139712065177,0.702786028793482,18,57,elastic_net,-1.4523083723540582,2.4369055988524595,0.702786028793482,2.15509440114754
2014-05,2014Q2,2,4.592,3.8892139712065177,0.702786028793482,18,57,gbr,-2.301342794307171,1.5878711768993465,0.702786028793482,3.004128823100653
2014-08,2014Q3,2,4.9667,4.241434972444345,0.7252650275556549,19,58,elastic_net,-0.4039871155844503,3.837447856859895,0.7252650275556549,1.1292521431401052
2014-08,2014Q3,2,4.9667,4.241434972444345,0.7252650275556549,19,58,gbr,-2.397011162634156,1.8444238098101895,0.7252650275556549,3.122276190189811
2014-11,2014Q4,2,2.2174,3.1304689535772874,-0.9130689535772872,20,59,elastic_net,-1.6477415853158845,1.4827273682614028,-0.9130689535772873,0.7346726317385972
2014-11,2014Q4,2,2.2174,3.1304689535772874,-0.9130689535772872,20,59,gbr,-1.1943160385257903,1.9361529150514971,-0.9130689535772873,0.2812470849485029
2015-02,2015Q1,2,-0.1717,2.966008609978281,-3.137708609978281,21,60,elastic_net,-1.6427100510979589,1.3232985588803223,-3.137708609978281,-1.4949985588803223
2015-02,2015Q1,2,-0.1717,2.966008609978281,-3.137708609978281,21,60,gbr,-2.4556379110468662,0.510370698931415,-3.137708609978281,-0.6820706989314149
2015-05,2015Q2,2,3.921,2.752693339775003,1.1683066602249967,22,61,elastic_net,1.1819909423993746,3.934684282174378,1.1683066602249967,-0.013684282174378115
2015-05,2015Q2,2,3.921,2.752693339775003,1.1683066602249967,22,61,gbr,0.009641970966036726,2.7623353107410398,1.1683066602249967,1.15866468925896
2015-08,2015Q3,2,1.9835,3.071052145718314,-1.0875521457183142,23,62,elastic_net,0.7306935692711221,3.801745714989436,-1.0875521457183142,-1.818245714989436
2015-08,2015Q3,2,1.9835,3.071052145718314,-1.0875521457183142,23,62,gbr,-0.1341131861424198,2.9369389595758943,-1.0875521457183142,-0.9534389595758943
2015-11,2015Q4,2,1.3865,3.3360947752241614,-1.9495947752241616,24,63,elastic_net,-1.3532670930116715,1.98282768221249,-1.9495947752241614,-0.5963276822124899
2015-11,2015Q4,2,1.3865,3.3360947752241614,-1.9495947752241616,24,63,gbr,-1.1037013825398165,2.2323933926843447,-1.9495947752241614,-0.8458933926843446
2016-02,2016Q1,2,1.0729,2.508507315072157,-1.435607315072157,25,64,elastic_net,-0.4901290985527651,2.018378216519392,-1.435607315072157,-0.945478216519392
2016-02,2016Q1,2,1.0729,2.508507315072157,-1.435607315072157,25,64,gbr,-0.5976794390417526,1.9108278760304045,-1.435607315072157,-0.8379278760304045
2016-05,2016Q2,2,1.4138,2.808170270934644,-1.3943702709346442,26,65,elastic_net,0.6854334015443888,3.4936036724790327,-1.3943702709346442,-2.0798036724790325
2016-05,2016Q2,2,1.4138,2.808170270934644,-1.3943702709346442,26,65,gbr,0.31372233575710023,3.1218926066917443,-1.3943702709346442,-1.7080926066917443
2016-08,2016Q3,2,3.5164,3.1538286511146936,0.3625713488853064,27,66,elastic_net,-1.2330382075527078,1.9207904435619858,0.3625713488853064,1.5956095564380142
2016-08,2016Q3,2,3.5164,3.1538286511146936,0.3625713488853064,27,66,gbr,-1.8234511898333787,1.3303774612813148,0.3625713488853064,2.186022538718685
2016-11,2016Q4,2,2.0798,3.159546876343304,-1.0797468763433038,28,67,elastic_net,1.2999246225043055,4.459471498847609,-1.0797468763433038,-2.379671498847609
2016-11,2016Q4,2,2.0798,3.159546876343304,-1.0797468763433038,28,67,gbr,1.212814356179851,4.372361232523155,-1.0797468763433038,-2.292561232523155
2017-02,2017Q1,2,1.4231,3.150845376942201,-1.7277453769422009,29,68,elastic_net,-0.6054255631921373,2.5454198137500637,-1.7277453769422009,-1.1223198137500636
2017-02,2017Q1,2,1.4231,3.150845376942201,-1.7277453769422009,29,68,gbr,-0.6286757239108002,2.522169653031401,-1.7277453769422009,-1.0990696530314008
2017-05,2017Q2,2,3.0612,2.9656117396746,0.0955882603253996,30,69,elastic_net,-1.4538560201125028,1.511755719562097,0.09558826032540013,1.549444280437903
2017-05,2017Q2,2,3.0612,2.9656117396746,0.0955882603253996,30,69,gbr,-1.129934996729529,1.8356767429450709,0.09558826032540013,1.225523257054929
2017-08,2017Q3,2,3.1557,2.3026197113434343,0.8530802886565656,31,70,elastic_net,-0.506179474903459,1.7964402364399752,0.8530802886565656,1.3592597635600248
2017-08,2017Q3,2,3.1557,2.3026197113434343,0.8530802886565656,31,70,gbr,-0.9199561278101337,1.3826635835333008,0.8530802886565656,1.7730364164666992
2017-11,2017Q4,2,2.8879,4.0117246299782865,-1.1238246299782864,32,71,elastic_net,-1.3692264792838267,2.64249815069446,-1.1238246299782864,0.24540184930554032
2017-11,2017Q4,2,2.8879,4.0117246299782865,-1.1238246299782864,32,71,gbr,0.0026919356086495295,4.014416565586936,-1.1238246299782864,-1.126516565586936
2018-02,2018Q1,2,1.9908,3.014236398868426,-1.0234363988684263,33,72,elastic_net,-0.36465587761456203,2.6495805212538643,-1.0234363988684263,-0.6587805212538644
2018-02,2018Q1,2,1.9908,3.014236398868426,-1.0234363988684263,33,72,gbr,-0.7971451922484256,2.2170912066200006,-1.0234363988684263,-0.22629120662000068
2018-05,2018Q2,2,4.1585,3.182690551267356,0.975809448732644,34,73,elastic_net,-1.099292267525425,2.0833982837419307,0.9758094487326443,2.0751017162580694
2018-05,2018Q2,2,4.1585,3.182690551267356,0.975809448732644,34,73,gbr,-0.4518504147668485,2.7308401365005075,0.9758094487326443,1.4276598634994926
2018-08,2018Q3,2,3.3561,3.0022428330512305,0.3538571669487695,35,74,elastic_net,-0.4336817061817325,2.568561126869498,0.35385716694876956,0.7875388731305022
2018-08,2018Q3,2,3.3561,3.0022428330512305,0.3538571669487695,35,74,gbr,-0.5421798782799071,2.4600629547713235,0.35385716694876956,0.8960370452286766
2018-11,2018Q4,2,2.1669,3.4101130583922057,-1.2432130583922056,36,75,elastic_net,0.09190267779546096,3.5020157361876665,-1.2432130583922056,-1.3351157361876664
2018-11,2018Q4,2,2.1669,3.4101130583922057,-1.2432130583922056,36,75,gbr,-0.31459437603398405,3.0955186823582217,-1.2432130583922056,-0.9286186823582216
2019-02,2019Q1,2,3.1268,1.8480743396710957,1.278725660328904,37,76,elastic_net,0.9316791594799438,2.7797534991510395,1.2787256603289041,0.34704650084896027
2019-02,2019Q1,2,3.1268,1.8480743396710957,1.278725660328904,37,76,gbr,-1.737666937979473,0.11040740169162278,1.2787256603289041,3.016392598308377
2019-05,2019Q2,2,2.0143,1.869890213744553,0.1444097862554469,38,77,elastic_net,-0.2603232825545253,1.6095669311900278,0.14440978625544698,0.4047330688099722
2019-05,2019Q2,2,2.0143,1.869890213744553,0.1444097862554469,38,77,gbr,-0.49632484319947506,1.3735653705450779,0.14440978625544698,0.6407346294549221
2019-08,2019Q3,2,2.1024,2.2790448020301857,-0.1766448020301858,39,78,elastic_net,0.28858412711348264,2.5676289291436682,-0.17664480203018584,-0.4652289291436684
2019-08,2019Q3,2,2.1024,2.2790448020301857,-0.1766448020301858,39,78,gbr,-0.08395553580307206,2.1950892662271135,-0.17664480203018584,-0.09268926622711371
2019-11,2019Q4,2,2.1275,1.5526037644308337,0.5748962355691662,40,79,elastic_net,0.21034474700001443,1.762948511430848,0.5748962355691662,0.36455148856915187
2019-11,2019Q4,2,2.1275,1.5526037644308337,0.5748962355691662,40,79,gbr,-0.19555378900113285,1.357049975429701,0.5748962355691662,0.770450024570299
2020-02,2020Q1,2,-4.9937,2.7817925407437554,-7.775492540743755,41,80,elastic_net,-0.004002060309441335,2.777790480434314,-7.775492540743755,-7.771490480434314
2020-02,2020Q1,2,-4.9937,2.7817925407437554,-7.775492540743755,41,80,gbr,0.07674680499359389,2.8585393457373494,-7.775492540743755,-7.852239345737349
2020-05,2020Q2,2,-31.3827,-31.78427815088021,0.4015781508802085,42,81,elastic_net,-9.481471704388257,-41.26574985526847,0.40157815088020854,9.883049855268467
2020-05,2020Q2,2,-31.3827,-31.78427815088021,0.4015781508802085,42,81,gbr,0.740587579534164,-31.043690571346044,0.40157815088020854,-0.3390094286539558
2020-08,2020Q3,2,33.441,13.332012403527465,20.108987596472534,43,82,elastic_net,-0.656036584414992,12.675975819112473,20.108987596472538,20.76502418088753
2020-08,2020Q3,2,33.441,13.332012403527465,20.108987596472534,43,82,gbr,-5.405163070074009,7.926849333453456,20.108987596472538,25.51415066654655
2020-11,2020Q4,2,4.3251,0.2020692788288443,4.123030721171156,44,83,elastic_net,-4.007273202995193,-3.8052039241663485,4.123030721171156,8.130303924166348
2020-11,2020Q4,2,4.3251,0.2020692788288443,4.123030721171156,44,83,gbr,-0.12068253597175864,0.08138674285708565,4.123030721171156,4.243713257142915
2021-02,2021Q1,2,6.361,9.80677378058038,-3.4457737805803808,45,84,elastic_net,-3.275190844432216,6.5315829361481645,-3.4457737805803808,-0.17058293614816478
2021-02,2021Q1,2,6.361,9.80677378058038,-3.4457737805803808,45,84,gbr,9.223267036097809,19.030040816678188,-3.4457737805803808,-12.669040816678187
2021-05,2021Q2,2,6.7251,2.7798028556766687,3.945297144323331,46,85,elastic_net,11.490381884324917,14.270184740001586,3.9452971443233316,-7.5450847400015855
2021-05,2021Q2,2,6.7251,2.7798028556766687,3.945297144323331,46,85,gbr,4.233584575539262,7.01338743121593,3.9452971443233316,-0.28828743121593003
2021-08,2021Q3,2,2.3038,4.553610744643002,-2.2498107446430025,47,86,elastic_net,-1.560885619926431,2.9927251247165714,-2.2498107446430025,-0.6889251247165715
2021-08,2021Q3,2,2.3038,4.553610744643002,-2.2498107446430025,47,86,gbr,-1.2916826053327883,3.261928139310214,-2.2498107446430025,-0.9581281393102143
2021-11,2021Q4,2,6.8946,3.9084277857482386,2.986172214251761,48,87,elastic_net,-0.7339765685905894,3.174451217157649,2.986172214251761,3.7201487828423505
2021-11,2021Q4,2,6.8946,3.9084277857482386,2.986172214251761,48,87,gbr,-0.603947333285086,3.3044804524631526,2.986172214251761,3.590119547536847
2022-02,2022Q1,2,-1.574,1.9849472629162144,-3.558947262916215,49,88,elastic_net,-0.8701676658375048,1.1147795970787095,-3.5589472629162144,-2.6887795970787094
2022-02,2022Q1,2,-1.574,1.9849472629162144,-3.558947262916215,49,88,gbr,0.4065275142893428,2.3914747772055573,-3.5589472629162144,-3.965474777205557
2022-05,2022Q2,2,-0.5769,5.42236441639762,-5.9992644163976205,50,89,elastic_net,0.9288035089812985,6.351167925378919,-5.9992644163976205,-6.928067925378919
2022-05,2022Q2,2,-0.5769,5.42236441639762,-5.9992644163976205,50,89,gbr,-1.460163635664707,3.962200780732913,-5.9992644163976205,-4.539100780732913
2022-08,2022Q3,2,3.2435,2.1596751493860995,1.0838248506139003,51,90,elastic_net,-3.3878711716798517,-1.2281960222937522,1.0838248506139005,4.471696022293752
2022-08,2022Q3,2,3.2435,2.1596751493860995,1.0838248506139003,51,90,gbr,-3.148570781740441,-0.9888956323543416,1.0838248506139005,4.232395632354342
2022-11,2022Q4,2,2.5735,2.9106855378147594,-0.3371855378147592,52,91,elastic_net,-0.2198298775375546,2.690855660277205,-0.33718553781475924,-0.11735566027720479
2022-11,2022Q4,2,2.5735,2.9106855378147594,-0.3371855378147592,52,91,gbr,-2.776647971034732,0.13403756678002754,-0.33718553781475924,2.4394624332199726
2023-02,2023Q1,2,2.0027,2.3940374741230728,-0.3913374741230728,53,92,elastic_net,-2.6172965859479995,-0.22325911182492675,-0.39133747412307285,2.2259591118249267
2023-02,2023Q1,2,2.0027,2.3940374741230728,-0.3913374741230728,53,92,gbr,-1.3555060100267375,1.0385314640963352,-0.39133747412307285,0.9641685359036647
2023-05,2023Q2,2,2.0617,2.555429909525278,-0.4937299095252778,54,93,elastic_net,-0.3101705855776784,2.2452593239475993,-0.49372990952527784,-0.18355932394759922
2023-05,2023Q2,2,2.0617,2.555429909525278,-0.4937299095252778,54,93,gbr,0.09602654596680794,2.651456455492086,-0.49372990952527784,-0.5897564554920858
2023-08,2023Q3,2,4.8609,2.390978598438223,2.469921401561777,55,94,elastic_net,-0.5030273040964663,1.8879512943417567,2.469921401561777,2.9729487056582435
2023-08,2023Q3,2,4.8609,2.390978598438223,2.469921401561777,55,94,gbr,0.39467791499817767,2.785656513436401,2.469921401561777,2.075243486563599
2023-11,2023Q4,2,3.3967,1.9516532210054027,1.445046778994597,56,95,elastic_net,0.8100590742898421,2.761712295295245,1.4450467789945973,0.6349877047047552
2023-11,2023Q4,2,3.3967,1.9516532210054027,1.445046778994597,56,95,gbr,-0.8801477106129979,1.071505510392405,1.4450467789945973,2.325194489607595
2024-02,2024Q1,2,1.4095,2.009245720437901,-0.5997457204379009,57,96,elastic_net,0.17236163886256775,2.1816073593004686,-0.5997457204379009,-0.7721073593004686
2024-02,2024Q1,2,1.4095,2.009245720437901,-0.5997457204379009,57,96,gbr,-1.135694882390919,0.8735508380469819,-0.5997457204379009,0.5359491619530181
2024-05,2024Q2,2,2.9895,2.4277301823793014,0.5617698176206987,58,97,elastic_net,0.7626782200304768,3.190408402409778,0.5617698176206987,-0.20090840240977803
2024-05,2024Q2,2,2.9895,2.4277301823793014,0.5617698176206987,58,97,gbr,1.9072923914414084,4.3350225738207095,0.5617698176206987,-1.3455225738207095
2024-08,2024Q3,2,3.073,2.227267609106979,0.845732390893021,59,98,elastic_net,1.1002469267878836,3.3275145358948626,0.845732390893021,-0.2545145358948626
2024-08,2024Q3,2,3.073,2.227267609106979,0.845732390893021,59,98,gbr,-0.24827400268354388,1.978993606423435,0.845732390893021,1.094006393576565
2024-11,2024Q4,2,2.4495,1.4529596095371682,0.9965403904628318,60,99,elastic_net,0.08769200341429143,1.5406516129514596,0.9965403904628318,0.9088483870485404
2024-11,2024Q4,2,2.4495,1.4529596095371682,0.9965403904628318,60,99,gbr,0.33394690413325945,1.7869065136704276,0.9965403904628318,0.6625934863295724
2025-02,2025Q1,2,-0.502,2.9104567617428305,-3.4124567617428303,61,100,elastic_net,2.183454461571143,5.093911223313974,-3.4124567617428303,-5.595911223313974
2025-02,2025Q1,2,-0.502,2.9104567617428305,-3.4124567617428303,61,100,gbr,-1.5146675163060368,1.3957892454367937,-3.4124567617428303,-1.8977892454367937
2025-05,2025Q2,2,3.8386,3.543128335200461,0.2954716647995394,62,101,elastic_net,0.972897675889667,4.516026011090128,0.295471664799539,-0.677426011090128
2025-05,2025Q2,2,3.8386,3.543128335200461,0.2954716647995394,62,101,gbr,0.13442792404778245,3.6775562592482434,0.295471664799539,0.16104374075175665
2010-03,2010Q1,3,2.738,3.1212953800066905,-0.3832953800066905,1,40,elastic_net,2.451551609481872,5.572846989488562,-0.3832953800066905,-2.8348469894885624
2010-03,2010Q1,3,2.738,3.1212953800066905,-0.3832953800066905,1,40,gbr,1.4386185774700275,4.559913957476718,-0.3832953800066905,-1.8219139574767182
2010-06,2010Q2,3,1.7189,5.89496792818422,-4.176067928184221,2,41,elastic_net,-1.2878664804143467,4.607101447769874,-4.176067928184221,-2.8882014477698736
2010-06,2010Q2,3,1.7189,5.89496792818422,-4.176067928184221,2,41,gbr,0.681592637582467,6.5765605657666875,-4.176067928184221,-4.857660565766688
2010-09,2010Q3,3,2.5585,2.780953191420968,-0.2224531914209677,3,42,elastic_net,-5.535778975451754,-2.7548257840307855,-0.2224531914209682,5.313325784030786
2010-09,2010Q3,3,2.5585,2.780953191420968,-0.2224531914209677,3,42,gbr,-1.1690460662362194,1.6119071251847488,-0.2224531914209682,0.9465928748152512
2010-12,2010Q4,3,3.1144,2.7238707143559338,0.3905292856440661,4,43,elastic_net,-1.2375935138217884,1.4862772005341454,0.3905292856440661,1.6281227994658545
2010-12,2010Q4,3,3.1144,2.7238707143559338,0.3905292856440661,4,43,gbr,1.398475958947789,4.122346673303722,0.3905292856440661,-1.0079466733037226
2011-03,2011Q1,3,1.9148,5.405257330968036,-3.490457330968036,5,44,elastic_net,-3.1790398515608222,2.2262174794072136,-3.490457330968036,-0.31141747940721354
2011-03,2011Q1,3,1.9148,5.405257330968036,-3.490457330968036,5,44,gbr,-0.8704267646472454,4.534830566320791,-3.490457330968036,-2.6200305663207906
2011-06,2011Q2,3,1.3341,2.900395587329409,-1.566295587329409,6,45,elastic_net,-2.530565325306048,0.3698302620233611,-1.566295587329409,0.964269737976639
2011-06,2011Q2,3,1.3341,2.900395587329409,-1.566295587329409,6,45,gbr,-0.16091501453237206,2.7394805727970373,-1.566295587329409,-1.4053805727970372
2011-09,2011Q3,3,1.8145,2.4177235966439565,-0.6032235966439565,7,46,elastic_net,-1.1234997937599176,1.294223802884039,-0.6032235966439565,0.5202761971159611
2011-09,2011Q3,3,1.8145,2.4177235966439565,-0.6032235966439565,7,46,gbr,0.1834991077281559,2.6012227043721126,-0.6032235966439565,-0.7867227043721126
2011-12,2011Q4,3,2.9546,3.32826676236363,-0.37366676236363,8,47,elastic_net,-0.31665990597468724,3.011606856388943,-0.37366676236363006,-0.05700685638894276
2011-12,2011Q4,3,2.9546,3.32826676236363,-0.37366676236363,8,47,gbr,-0.897886487105141,2.4303802752584893,-0.37366676236363006,0.5242197247415108
2012-03,2012Q1,3,1.8717,4.596057091093187,-2.7243570910931876,9,48,elastic_net,-0.6089345050201208,3.9871225860730664,-2.7243570910931876,-2.115422586073066
2012-03,2012Q1,3,1.8717,4.596057091093187,-2.7243570910931876,9,48,gbr,-2.342637263548349,2.2534198275448385,-2.7243570910931876,-0.3817198275448386
2012-06,2012Q2,3,1.2527,2.6881453937355273,-1.4354453937355274,10,49,elastic_net,-2.639689416018827,0.04845597771670018,-1.4354453937355274,1.2042440222832997
2012-06,2012Q2,3,1.2527,2.6881453937355273,-1.4354453937355274,10,49,gbr,-1.6143237122006757,1.0738216815348516,-1.4354453937355274,0.17887831846514834
2012-09,2012Q3,3,3.106,1.5254368111737846,1.5805631888262153,11,50,elastic_net,-0.4018265629247045,1.1236102482490802,1.5805631888262153,1.9823897517509197
2012-09,2012Q3,3,3.106,1.5254368111737846,1.5805631888262153,11,50,gbr,-0.16348565790536526,1.3619511532684194,1.5805631888262153,1.7440488467315804
2012-12,2012Q4,3,0.3785,2.2897990412378,-1.9112990412378,12,51,elastic_net,-2.4030265109498834,-0.1132274697120832,-1.9112990412378001,0.4917274697120832
2012-12,2012Q4,3,0.3785,2.2897990412378,-1.9112990412378,12,51,gbr,-0.5305013648371858,1.7592976764006143,-1.9112990412378001,-1.3807976764006142
2013-03,2013Q1,3,1.7768,3.3289219167356787,-1.5521219167356788,13,52,elastic_net,-0.5321213410570996,2.796800575678579,-1.5521219167356788,-1.0200005756785793
2013-03,2013Q1,3,1.7768,3.3289219167356787,-1.5521219167356788,13,52,gbr,-0.29663110770623424,3.0322908090294445,-1.5521219167356788,-1.2554908090294445
2013-06,2013Q2,3,2.4817,1.941842313292969,0.539857686707031,14,53,elastic_net,-0.46573775443953014,1.476104558853439,0.539857686707031,1.005595441146561
2013-06,2013Q2,3,2.4817,1.941842313292969,0.539857686707031,14,53,gbr,-0.9335964852723079,1.008245828020661,0.539857686707031,1.473454171979339
2013-09,2013Q3,3,4.1341,2.763249114273744,1.3708508857262562,15,54,elastic_net,-1.3076867418326261,1.4555623724411177,1.3708508857262562,2.6785376275588826
2013-09,2013Q3,3,4.1341,2.763249114273744,1.3708508857262562,15,54,gbr,-1.4287616215935153,1.3344874926802286,1.3708508857262562,2.7996125073197717
2013-12,2013Q4,3,2.6266,3.519523695799461,-0.8929236957994613,16,55,elastic_net,0.8500923650347321,4.369616060834193,-0.8929236957994613,-1.7430160608341936
2013-12,2013Q4,3,2.6266,3.519523695799461,-0.8929236957994613,16,55,gbr,0.2760350332456832,3.7955587290451445,-0.8929236957994613,-1.1689587290451446
2014-03,2014Q1,3,-2.9304,2.322166748693811,-5.252566748693811,17,56,elastic_net,-1.901954848635428,0.42021190005838305,-5.252566748693811,-3.350611900058383
2014-03,2014Q1,3,-2.9304,2.322166748693811,-5.252566748693811,17,56,gbr,-1.207448836526045,1.1147179121677662,-5.252566748693811,-4.0451179121677665
2014-06,2014Q2,3,4.592,4.04969859144105,0.5423014085589495,18,57,elastic_net,-1.1751803991238192,2.8745181923172307,0.5423014085589495,1.717481807682769
2014-06,2014Q2,3,4.592,4.04969859144105,0.5423014085589495,18,57,gbr,-2.329274906042428,1.7204236853986221,0.5423014085589495,2.8715763146013775
2014-09,2014Q3,3,4.9667,2.925007144842553,2.0416928551574474,19,58,elastic_net,-0.819549309832813,2.10545783500974,2.0416928551574474,2.8612421649902604
2014-09,2014Q3,3,4.9667,2.925007144842553,2.0416928551574474,19,58,gbr,-0.7678092110888856,2.1571979337536673,2.0416928551574474,2.809502066246333
2014-12,2014Q4,3,2.2174,3.8300171528065095,-1.6126171528065094,20,59,elastic_net,-1.2719427223766828,2.5580744304298264,-1.6126171528065094,-0.34067443042982637
2014-12,2014Q4,3,2.2174,3.8300171528065095,-1.6126171528065094,20,59,gbr,-0.5765668043405804,3.253450348465929,-1.6126171528065094,-1.036050348465929
2015-03,2015Q1,3,-0.1717,2.469209503652082,-2.640909503652082,21,60,elastic_net,-3.4408651858756296,-0.9716556822235476,-2.640909503652082,0.7999556822235476
2015-03,2015Q1,3,-0.1717,2.469209503652082,-2.640909503652082,21,60,gbr,-1.001471439220121,1.467738064431961,-2.640909503652082,-1.639438064431961
2015-06,2015Q2,3,3.921,2.505096735989509,1.415903264010491,22,61,elastic_net,-0.5316023284788425,1.9734944075106664,1.415903264010491,1.9475055924893334
2015-06,2015Q2,3,3.921,2.505096735989509,1.415903264010491,22,61,gbr,-0.5040686827858258,2.001028053203683,1.415903264010491,1.9199719467963168
2015-09,2015Q3,3,1.9835,2.482553037495932,-0.4990530374959319,23,62,elastic_net,0.3102535257618422,2.7928065632577743,-0.4990530374959319,-0.8093065632577743
2015-09,2015Q3,3,1.9835,2.482553037495932,-0.4990530374959319,23,62,gbr,1.1066568051997878,3.5892098426957197,-0.4990530374959319,-1.6057098426957197
2015-12,2015Q4,3,1.3865,3.197945977322267,-1.8114459773222669,24,63,elastic_net,1.1586720784251168,4.356618055747384,-1.8114459773222669,-2.970118055747384
2015-12,2015Q4,3,1.3865,3.197945977322267,-1.8114459773222669,24,63,gbr,-0.25384432787742434,2.9441016494448426,-1.8114459773222669,-1.5576016494448426
2016-03,2016Q1,3,1.0729,2.7243925118269483,-1.6514925118269483,25,64,elastic_net,-0.5877510583238662,2.136641453503082,-1.6514925118269483,-1.0637414535030822
2016-03,2016Q1,3,1.0729,2.7243925118269483,-1.6514925118269483,25,64,gbr,0.02147995507385785,2.7458724669008063,-1.6514925118269483,-1.6729724669008064
2016-06,2016Q2,3,1.4138,2.1256691321032872,-0.7118691321032873,26,65,elastic_net,0.6747112016602748,2.800380333763562,-0.7118691321032873,-1.3865803337635623
2016-06,2016Q2,3,1.4138,2.1256691321032872,-0.7118691321032873,26,65,gbr,-1.389428038918118,0.7362410931851693,-0.7118691321032873,0.6775589068148307
2016-09,2016Q3,3,3.5164,2.2867520987025216,1.2296479012974784,27,66,elastic_net,0.23501265127899268,2.5217647499815143,1.2296479012974784,0.9946352500184856
2016-09,2016Q3,3,3.5164,2.2867520987025216,1.2296479012974784,27,66,gbr,0.30767562431510864,2.5944277230176302,1.2296479012974784,0.9219722769823697
2016-12,2016Q4,3,2.0798,2.509656155422442,-0.429856155422442,28,67,elastic_net,0.23129874168794176,2.740954897110384,-0.42985615542244204,-0.661154897110384
2016-12,2016Q4,3,2.0798,2.509656155422442,-0.429856155422442,28,67,gbr,0.6761560699079298,3.185812225330372,-0.42985615542244204,-1.106012225330372
2017-03,2017Q1,3,1.4231,3.5520430982947464,-2.128943098294746,29,68,elastic_net,-0.5174194181126122,3.0346236801821345,-2.128943098294746,-1.6115236801821344
2017-03,2017Q1,3,1.4231,3.5520430982947464,-2.128943098294746,29,68,gbr,-1.31731295938131,2.234730138913436,-2.128943098294746,-0.8116301389134362
2017-06,2017Q2,3,3.0612,2.525015417707346,0.5361845822926541,30,69,elastic_net,-0.2386570877723292,2.2863583299350165,0.5361845822926541,0.7748416700649834
2017-06,2017Q2,3,3.0612,2.525015417707346,0.5361845822926541,30,69,gbr,0.28730823604241035,2.8123236537497562,0.5361845822926541,0.24887634625024369
2017-09,2017Q3,3,3.1557,2.130769050637098,1.024930949362902,31,70,elastic_net,0.4641412285859316,2.5949102792230296,1.024930949362902,0.5607897207769703
2017-09,2017Q3,3,3.1557,2.130769050637098,1.024930949362902,31,70,gbr,-0.33746091742766315,1.7933081332094347,1.024930949362902,1.3623918667905652
2017-12,2017Q4,3,2.8879,3.644789614331701,-0.7568896143317008,32,71,elastic_net,-0.5922096924558093,3.0525799218758918,-0.7568896143317008,-0.16467992187589164
2017-12,2017Q4,3,2.8879,3.644789614331701,-0.7568896143317008,32,71,gbr,-1.716896666270551,1.92789294806115,-0.7568896143317008,0.9600070519388502
2018-03,2018Q1,3,1.9908,3.526094773865594,-1.535294773865594,33,72,elastic_net,-1.968599260886984,1.5574955129786099,-1.535294773865594,0.43330448702139
2018-03,2018Q1,3,1.9908,3.526094773865594,-1.535294773865594,33,72,gbr,-2.8014103129673638,0.7246844608982301,-1.535294773865594,1.2661155391017698
2018-06,2018Q2,3,4.1585,2.743082898047136,1.415417101952864,34,73,elastic_net,-0.7542735758432925,1.9888093222038434,1.415417101952864,2.1696906777961567
2018-06,2018Q2,3,4.1585,2.743082898047136,1.415417101952864,34,73,gbr,0.08956185020558136,2.8326447482527173,1.415417101952864,1.3258552517472828
2018-09,2018Q3,3,3.3561,2.903615485276159,0.452484514723841,35,74,elastic_net,-0.11976622879699393,2.783849256479165,0.452484514723841,0.572250743520835
2018-09,2018Q3,3,3.3561,2.903615485276159,0.452484514723841,35,74,gbr,1.0017459350734075,3.905361420349567,0.452484514723841,-0.5492614203495667
2018-12,2018Q4,3,2.1669,2.7942675276867788,-0.6273675276867787,36,75,elastic_net,0.8530375842501553,3.647305111936934,-0.6273675276867787,-1.4804051119369341
2018-12,2018Q4,3,2.1669,2.7942675276867788,-0.6273675276867787,36,75,gbr,0.7573371355916048,3.5516046632783835,-0.6273675276867787,-1.3847046632783835
2019-03,2019Q1,3,3.1268,2.249430898166236,0.8773691018337639,37,76,elastic_net,0.5159733788544698,2.7654042770207057,0.8773691018337639,0.3613957229792941
2019-03,2019Q1,3,3.1268,2.249430898166236,0.8773691018337639,37,76,gbr,-0.8218768533960361,1.4275540447701998,0.8773691018337639,1.6992459552298
2019-06,2019Q2,3,2.0143,1.7227646231591285,0.2915353768408717,38,77,elastic_net,-0.20448952220820485,1.5182751009509237,0.2915353768408715,0.4960248990490763
2019-06,2019Q2,3,2.0143,1.7227646231591285,0.2915353768408717,38,77,gbr,-0.25057649787096276,1.4721881252881657,0.2915353768408715,0.5421118747118343
2019-09,2019Q3,3,2.1024,2.682150149041889,-0.5797501490418893,39,78,elastic_net,-1.2755728507702693,1.4065772982716198,-0.5797501490418893,0.69582270172838
2019-09,2019Q3,3,2.1024,2.682150149041889,-0.5797501490418893,39,78,gbr,-0.4949429518226188,2.18720719721927,-0.5797501490418893,-0.08480719721927032
2019-12,2019Q4,3,2.1275,2.144570728809348,-0.0170707288093479,40,79,elastic_net,-1.4356913051041975,0.7088794237051503,-0.0170707288093479,1.4186205762948496
2019-12,2019Q4,3,2.1275,2.144570728809348,-0.0170707288093479,40,79,gbr,-3.646396446630123,-1.501825717820775,-0.0170707288093479,3.629325717820775
2020-03,2020Q1,3,-4.9937,2.8396343575148224,-7.833334357514822,41,80,elastic_net,0.44990898216707575,3.2895433396818983,-7.833334357514822,-8.283243339681897
2020-03,2020Q1,3,-4.9937,2.8396343575148224,-7.833334357514822,41,80,gbr,0.32364372247791573,3.1632780799927382,-7.833334357514822,-8.156978079992738
2020-06,2020Q2,3,-31.3827,-15.7728580682593,-15.6098419317407,42,81,elastic_net,11.87387196619298,-3.8989861020663206,-15.6098419317407,-27.48371389793368
2020-06,2020Q2,3,-31.3827,-15.7728580682593,-15.6098419317407,42,81,gbr,0.9464975872851088,-14.826360480974191,-15.6098419317407,-16.55633951902581
2020-09,2020Q3,3,33.441,13.30040484324063,20.140595156759375,43,82,elastic_net,0.5359495093518174,13.836354352592448,20.140595156759375,19.604645647407555
2020-09,2020Q3,3,33.441,13.30040484324063,20.140595156759375,43,82,gbr,-7.852402194968752,5.448002648271878,20.140595156759375,27.992997351728125
2020-12,2020Q4,3,4.3251,0.2439308824426911,4.081169117557309,44,83,elastic_net,1.3438246952372226,1.5877555776799137,4.081169117557309,2.7373444223200862
2020-12,2020Q4,3,4.3251,0.2439308824426911,4.081169117557309,44,83,gbr,-1.561605429903852,-1.3176745474611609,4.081169117557309,5.642774547461161
2021-03,2021Q1,3,6.361,6.445527615799353,-0.0845276157993533,45,84,elastic_net,5.888986141617878,12.33451375741723,-0.0845276157993533,-5.973513757417231
2021-03,2021Q1,3,6.361,6.445527615799353,-0.0845276157993533,45,84,gbr,6.639213500776265,13.084741116575618,-0.0845276157993533,-6.723741116575618
2021-06,2021Q2,3,6.7251,1.918222702005434,4.806877297994566,46,85,elastic_net,-1.3102232782804109,0.6079994237250232,4.806877297994566,6.117100576274977
2021-06,2021Q2,3,6.7251,1.918222702005434,4.806877297994566,46,85,gbr,1.3812414909645245,3.2994641929699586,4.806877297994566,3.4256358070300417
2021-09,2021Q3,3,2.3038,4.940698073811647,-2.636898073811647,47,86,elastic_net,4.396578273402223,9.33727634721387,-2.636898073811647,-7.0334763472138695
2021-09,2021Q3,3,2.3038,4.940698073811647,-2.636898073811647,47,86,gbr,0.9126750811958128,5.85337315500746,-2.636898073811647,-3.54957315500746
2021-12,2021Q4,3,6.8946,4.303606980932482,2.5909930190675174,48,87,elastic_net,1.6336377771821926,5.937244758114675,2.5909930190675174,0.9573552418853248
2021-12,2021Q4,3,6.8946,4.303606980932482,2.5909930190675174,48,87,gbr,0.3613608976836864,4.664967878616169,2.5909930190675174,2.2296321213838306
2022-03,2022Q1,3,-1.574,2.92416225086644,-4.49816225086644,49,88,elastic_net,-0.18757072364856292,2.736591527217877,-4.49816225086644,-4.310591527217877
2022-03,2022Q1,3,-1.574,2.92416225086644,-4.49816225086644,49,88,gbr,-2.2069332725099224,0.7172289783565176,-4.49816225086644,-2.291228978356518
2022-06,2022Q2,3,-0.5769,4.795762097812129,-5.372662097812129,50,89,elastic_net,-0.721543613111099,4.07421848470103,-5.372662097812129,-4.65111848470103
2022-06,2022Q2,3,-0.5769,4.795762097812129,-5.372662097812129,50,89,gbr,-5.2858784984527185,-0.4901164006405896,-5.372662097812129,-0.08678359935941038
2022-09,2022Q3,3,3.2435,1.9608755356938952,1.2826244643061049,51,90,elastic_net,-5.247525597169302,-3.286650061475407,1.2826244643061049,6.530150061475407
2022-09,2022Q3,3,3.2435,1.9608755356938952,1.2826244643061049,51,90,gbr,-5.143790404120835,-3.1829148684269395,1.2826244643061049,6.4264148684269395
2022-12,2022Q4,3,2.5735,2.315192170977631,0.2583078290223692,52,91,elastic_net,-0.14568808557012428,2.1695040854075067,0.25830782902236926,0.4039959145924934
2022-12,2022Q4,3,2.5735,2.315192170977631,0.2583078290223692,52,91,gbr,-3.4402869465387282,-1.1250947755610974,0.25830782902236926,3.6985947755610975
2023-03,2023Q1,3,2.0027,2.3030327572486216,-0.3003327572486216,53,92,elastic_net,0.11070443568489982,2.4137371929335214,-0.30033275724862163,-0.4110371929335215
2023-03,2023Q1,3,2.0027,2.3030327572486216,-0.3003327572486216,53,92,gbr,-0.256295050728706,2.0467377065199157,-0.30033275724862163,-0.04403770651991579
2023-06,2023Q2,3,2.0617,2.5579931816692634,-0.4962931816692633,54,93,elastic_net,0.6004008412343489,3.1583940229036123,-0.4962931816692633,-1.0966940229036122
2023-06,2023Q2,3,2.0617,2.5579931816692634,-0.4962931816692633,54,93,gbr,-0.4808008802250172,2.077192301444246,-0.4962931816692633,-0.01549230144424607
2023-09,2023Q3,3,4.8609,2.387815169824383,2.473084830175617,55,94,elastic_net,-1.287317467335938,1.1004977024884448,2.473084830175617,3.760402297511555
2023-09,2023Q3,3,4.8609,2.387815169824383,2.473084830175617,55,94,gbr,-0.807583854860469,1.5802313149639138,2.473084830175617,3.280668685036086
2023-12,2023Q4,3,3.3967,2.1419067284431694,1.2547932715568306,56,95,elastic_net,-0.13033813862427812,2.011568589818891,1.2547932715568306,1.385131410181109
2023-12,2023Q4,3,3.3967,2.1419067284431694,1.2547932715568306,56,95,gbr,1.9808484342989083,4.122755162742077,1.2547932715568306,-0.7260551627420773
2024-03,2024Q1,3,1.4095,2.5453465618065674,-1.1358465618065674,57,96,elastic_net,0.5405190086482925,3.08586557045486,-1.1358465618065674,-1.67636557045486
2024-03,2024Q1,3,1.4095,2.5453465618065674,-1.1358465618065674,57,96,gbr,-1.8927204339378587,0.6526261278687087,-1.1358465618065674,0.7568738721312913
2024-06,2024Q2,3,2.9895,2.5137555024697646,0.4757444975302354,58,97,elastic_net,-0.2259258905646352,2.2878296119051296,0.4757444975302354,0.7016703880948705
2024-06,2024Q2,3,2.9895,2.5137555024697646,0.4757444975302354,58,97,gbr,0.46475266777149277,2.9785081702412572,0.4757444975302354,0.0109918297587428
2024-09,2024Q3,3,3.073,2.3223262878940147,0.7506737121059852,59,98,elastic_net,2.669257613859253,4.991583901753268,0.7506737121059852,-1.918583901753268
2024-09,2024Q3,3,3.073,2.3223262878940147,0.7506737121059852,59,98,gbr,1.3399825743091234,3.662308862203138,0.7506737121059852,-0.5893088622031382
2024-12,2024Q4,3,2.4495,1.7746299209588607,0.6748700790411393,60,99,elastic_net,1.045466281758844,2.820096202717705,0.6748700790411393,-0.37059620271770477
2024-12,2024Q4,3,2.4495,1.7746299209588607,0.6748700790411393,60,99,gbr,-0.06698048681447676,1.707649434144384,0.6748700790411393,0.741850565855616
2025-03,2025Q1,3,-0.502,3.3456445144029945,-3.8476445144029943,61,100,elastic_net,1.1237103537604318,4.4693548681634265,-3.8476445144029947,-4.971354868163426
2025-03,2025Q1,3,-0.502,3.3456445144029945,-3.8476445144029943,61,100,gbr,-1.082247139761052,2.2633973746419427,-3.8476445144029947,-2.7653973746419425
2025-06,2025Q2,3,3.8386,3.5682475382985506,0.2703524617014494,62,101,elastic_net,3.0315442133864874,6.5997917516850375,0.27035246170144944,-2.7611917516850375
2025-06,2025Q2,3,3.8386,3.5682475382985506,0.2703524617014494,62,101,gbr,0.7503432441562906,4.318590782454841,0.27035246170144944,-0.47999078245484084
