vintage_period,target_quarter,within_quarter_origin,dfm_nowcast,dfm_residual_third_release,residual_hat,hybrid_nowcast_hat,hybrid_error,model_name,tau
2010-01,2010Q1,1,2.6962783327636894,0.041721667236310545,1.9793713033346338,4.675649636098323,-1.9376496360983233,elastic_net,1
2010-04,2010Q2,1,4.629332488910334,-2.910432488910334,-0.39119332401012574,4.2381391649002085,-2.5192391649002084,elastic_net,1
2010-07,2010Q3,1,2.3690313318162612,0.18946866818373875,-0.10361708880482978,2.2654142430114312,0.29308575698856854,elastic_net,1
2010-10,2010Q4,1,2.209600593120421,0.904799406879579,-1.1746560848807157,1.034944508239705,2.079455491760295,elastic_net,1
2011-01,2011Q1,1,3.160918138751261,-1.2461181387512608,-1.7656133160341874,1.3953048227170735,0.5194951772829266,elastic_net,1
2011-04,2011Q2,1,4.088410986143658,-2.7543109861436577,-0.7359669610536649,3.352444025089993,-2.0183440250899927,elastic_net,1
2011-07,2011Q3,1,2.059188813875248,-0.24468881387524788,-1.0790366264226519,0.980152187452596,0.834347812547404,elastic_net,1
2011-10,2011Q4,1,2.799083085796713,0.15551691420328728,-1.8727032405533734,0.9263798452433394,2.028220154756661,elastic_net,1
2012-01,2012Q1,1,4.028645376457211,-2.1569453764572115,-2.9322292667728633,1.0964161096843479,0.7752838903156518,elastic_net,1
2012-04,2012Q2,1,2.7713737553384195,-1.5186737553384195,-2.2560229814487385,0.515350773889681,0.737349226110319,elastic_net,1
2012-07,2012Q3,1,2.648753272243333,0.45724672775666697,-3.0808581946991245,-0.4321049224557916,3.5381049224557914,elastic_net,1
2012-10,2012Q4,1,2.3950538541434057,-2.016553854143406,-1.8021061923494557,0.59294766179395,-0.21444766179395014,elastic_net,1
2013-01,2013Q1,1,6.546788133447457,-4.769988133447457,-6.231046684126224,0.3157414493212327,1.461058550678767,elastic_net,1
2013-04,2013Q2,1,2.0904129066042083,0.3912870933957917,2.344641025065897,4.435053931670105,-1.9533539316701054,elastic_net,1
2013-07,2013Q3,1,3.0518658222831143,1.0822341777168858,-0.6662620941223715,2.385603728160743,1.7484962718392572,elastic_net,1
2013-10,2013Q4,1,3.457259633168662,-0.8306596331686622,-1.2958938068456343,2.1613658263230278,0.46523417367697206,elastic_net,1
2014-01,2014Q1,1,3.061737956410492,-5.992137956410492,-1.1048878187962756,1.9568501376142164,-4.887250137614216,elastic_net,1
2014-04,2014Q2,1,3.7839434088400266,0.8080565911599731,-2.0978839349663394,1.6860594738736872,2.9059405261263125,elastic_net,1
2014-07,2014Q3,1,2.6711460136197003,2.2955539863803,2.092938265407899,4.7640842790276,0.2026157209724011,elastic_net,1
2014-10,2014Q4,1,2.9960533682427095,-0.7786533682427095,-2.4274542021207957,0.5685991661219139,1.6488008338780862,elastic_net,1
2015-01,2015Q1,1,3.579581863591359,-3.751281863591359,-12.296130599732093,-8.716548736140734,8.544848736140734,elastic_net,1
2015-04,2015Q2,1,2.081305553324254,1.8396944466757459,2.208354027431855,4.289659580756108,-0.36865958075610905,elastic_net,1
2015-07,2015Q3,1,2.6089639472523483,-0.6254639472523482,-1.237643453690748,1.3713204935616004,0.6121795064383997,elastic_net,1
2015-10,2015Q4,1,2.376082893797276,-0.9895828937972759,-1.5441866455341677,0.8318962482631083,0.5546037517368918,elastic_net,1
2016-01,2016Q1,1,2.2981844812042804,-1.2252844812042805,0.11821368841670077,2.4163981696209813,-1.3434981696209811,elastic_net,1
2016-04,2016Q2,1,2.096916479377624,-0.6831164793776241,1.2483595222821773,3.3452760016598013,-1.9314760016598014,elastic_net,1
2016-07,2016Q3,1,2.0553500004519765,1.4610499995480235,-1.222694962592927,0.8326550378590494,2.683744962140951,elastic_net,1
2016-10,2016Q4,1,1.7956669022884897,0.2841330977115104,1.4031166183943768,3.1987835206828663,-1.1189835206828664,elastic_net,1
2017-01,2017Q1,1,2.574311325458031,-1.151211325458031,-0.7088940820678044,1.8654172433902265,-0.4423172433902266,elastic_net,1
2017-04,2017Q2,1,2.00009583806192,1.06110416193808,0.723213795883044,2.7233096339449636,0.3378903660550361,elastic_net,1
2017-07,2017Q3,1,2.9412339902618765,0.21446600973812346,-2.5015357217712935,0.439698268490583,2.716001731509417,elastic_net,1
2017-10,2017Q4,1,1.940734204568399,0.9471657954316011,-0.4086284589219956,1.5321057456464033,1.3557942543535968,elastic_net,1
2018-01,2018Q1,1,2.9667206331625224,-0.9759206331625225,-0.6254868721669649,2.3412337609955576,-0.3504337609955577,elastic_net,1
2018-04,2018Q2,1,3.3863246333750943,0.7721753666249058,0.12633755152791964,3.512662184903014,0.6458378150969861,elastic_net,1
2018-07,2018Q3,1,2.5018613976542663,0.8542386023457338,-0.10199183484183305,2.3998695628124334,0.9562304371875668,elastic_net,1
2018-10,2018Q4,1,3.4380901659546126,-1.2711901659546125,0.3015791115103032,3.7396692774649156,-1.5727692774649158,elastic_net,1
2019-01,2019Q1,1,3.4870702970821377,-0.36027029708213787,-0.9452849578158635,2.541785339266274,0.5850146607337257,elastic_net,1
2019-04,2019Q2,1,1.8211034846314802,0.19319651536851978,0.6319484848259243,2.4530519694574044,-0.43875196945740447,elastic_net,1
2019-07,2019Q3,1,2.934880802563357,-0.832480802563357,-0.3170427571557943,2.6178380454075625,-0.5154380454075627,elastic_net,1
2019-10,2019Q4,1,2.2275570576727244,-0.10005705767272444,-0.17942108009065916,2.0481359775820653,0.07936402241793472,elastic_net,1
2020-01,2020Q1,1,3.133690302006816,-8.127390302006816,-0.2965037614115254,2.8371865405952907,-7.830886540595291,elastic_net,1
2020-04,2020Q2,1,-10.724207510944526,-20.658492489055476,-18.88205263848854,-29.606260149433062,-1.7764398505669377,elastic_net,1
2020-07,2020Q3,1,9.267811000252703,24.1731889997473,-18.999901970203656,-9.732090969950953,43.173090969950955,elastic_net,1
2020-10,2020Q4,1,2.9344573632124407,1.3906426367875593,2.5355402861679366,5.469997649380377,-1.1448976493803773,elastic_net,1
2021-01,2021Q1,1,8.76727427747565,-2.4062742774756503,-5.632336723214656,3.1349375542609943,3.2260624457390055,elastic_net,1
2021-04,2021Q2,1,5.060771141233375,1.6643288587666252,-0.8833254719320174,4.177445669301358,2.5476543306986423,elastic_net,1
2021-07,2021Q3,1,4.036520875710002,-1.7327208757100019,-1.4093177616135606,2.6272031140964414,-0.3234031140964413,elastic_net,1
2021-10,2021Q4,1,2.669610815141569,4.224989184858431,-2.398443073724057,0.271167741417512,6.623432258582488,elastic_net,1
2022-01,2022Q1,1,2.9367638730293084,-4.510763873029308,-1.5835517372606818,1.3532121357686266,-2.9272121357686265,elastic_net,1
2022-04,2022Q2,1,4.909403523785632,-5.486303523785632,-2.6888529066032105,2.2205506171824214,-2.7974506171824216,elastic_net,1
2022-07,2022Q3,1,0.9584438243404041,2.285056175659596,0.2680326150904686,1.2264764394308727,2.0170235605691276,elastic_net,1
2022-10,2022Q4,1,3.32397512933526,-0.7504751293352601,-0.6279589359635555,2.6960161933717046,-0.12251619337170461,elastic_net,1
2023-01,2023Q1,1,1.2058389767640822,0.7968610232359177,-1.373615538716934,-0.16777656195285173,2.1704765619528517,elastic_net,1
2023-04,2023Q2,1,1.8928053669368166,0.16889463306318353,-0.4943919217270558,1.3984134452097607,0.6632865547902393,elastic_net,1
2023-07,2023Q3,1,2.684010537428732,2.176889462571268,-0.43265498419327986,2.2513555532354523,2.6095444467645477,elastic_net,1
2023-10,2023Q4,1,3.065904535895465,0.330795464104535,0.790176388495814,3.856080924391279,-0.459380924391279,elastic_net,1
2024-01,2024Q1,1,3.0896483498233427,-1.6801483498233427,-0.483822008759685,2.6058263410636577,-1.1963263410636578,elastic_net,1
2024-04,2024Q2,1,2.9919615340870425,-0.0024615340870424163,0.07599486194309807,3.0679563960301404,-0.07845639603014049,elastic_net,1
2024-07,2024Q3,1,2.4302157333566914,0.6427842666433086,-0.1452714894748231,2.2849442438818683,0.7880557561181316,elastic_net,1
2024-10,2024Q4,1,2.2549824398171094,0.19451756018289057,0.508197314621589,2.7631797544386982,-0.31367975443869844,elastic_net,1
2025-01,2025Q1,1,3.357373659565634,-3.859373659565634,-1.301147700178569,2.0562259593870653,-2.558225959387065,elastic_net,1
2025-04,2025Q2,1,4.313114358422499,-0.47451435842249934,-0.35725839283875455,3.9558559655837446,-0.11725596558374479,elastic_net,1
2010-01,2010Q1,1,2.6962783327636894,0.041721667236310545,2.234510505555396,4.930788838319085,-2.1927888383190854,gbr,1
2010-04,2010Q2,1,4.629332488910334,-2.910432488910334,0.4575159863631505,5.086848475273484,-3.3679484752734847,gbr,1
2010-07,2010Q3,1,2.3690313318162612,0.18946866818373875,0.603536184807388,2.9725675166236494,-0.41406751662364927,gbr,1
2010-10,2010Q4,1,2.209600593120421,0.904799406879579,-0.6850931404105498,1.524507452709871,1.5898925472901289,gbr,1
2011-01,2011Q1,1,3.160918138751261,-1.2461181387512608,-0.5246788374834012,2.6362393012678598,-0.7214393012678596,gbr,1
2011-04,2011Q2,1,4.088410986143658,-2.7543109861436577,1.4191369535826552,5.507547939726313,-4.173447939726313,gbr,1
2011-07,2011Q3,1,2.059188813875248,-0.24468881387524788,-0.44403531189869844,1.6151535019765495,0.19934649802345056,gbr,1
2011-10,2011Q4,1,2.799083085796713,0.15551691420328728,0.3197250521092555,3.1188081379059684,-0.16420813790596822,gbr,1
2012-01,2012Q1,1,4.028645376457211,-2.1569453764572115,-1.6426388237721745,2.3860065526850365,-0.514306552685037,gbr,1
2012-04,2012Q2,1,2.7713737553384195,-1.5186737553384195,-0.44808990988634345,2.323283845452076,-1.070583845452076,gbr,1
2012-07,2012Q3,1,2.648753272243333,0.45724672775666697,-0.9454361992745248,1.703317072968808,1.4026829270311918,gbr,1
2012-10,2012Q4,1,2.3950538541434057,-2.016553854143406,-0.8840608633205315,1.5109929908228743,-1.1324929908228745,gbr,1
2013-01,2013Q1,1,6.546788133447457,-4.769988133447457,-2.388472195946558,4.158315937500899,-2.3815159375008994,gbr,1
2013-04,2013Q2,1,2.0904129066042083,0.3912870933957917,-0.9501361384484786,1.1402767681557298,1.3414232318442703,gbr,1
2013-07,2013Q3,1,3.0518658222831143,1.0822341777168858,-1.63384276592466,1.4180230563584544,2.7160769436415455,gbr,1
2013-10,2013Q4,1,3.457259633168662,-0.8306596331686622,-0.5282893237667328,2.9289703094019295,-0.30237030940192944,gbr,1
2014-01,2014Q1,1,3.061737956410492,-5.992137956410492,-1.0174660304454068,2.0442719259650852,-4.974671925965085,gbr,1
2014-04,2014Q2,1,3.7839434088400266,0.8080565911599731,-1.2102773035717742,2.573666105268252,2.0183338947317475,gbr,1
2014-07,2014Q3,1,2.6711460136197003,2.2955539863803,0.895436619466105,3.5665826330858055,1.400117366914195,gbr,1
2014-10,2014Q4,1,2.9960533682427095,-0.7786533682427095,-2.020138113681602,0.9759152545611074,1.2414847454388926,gbr,1
2015-01,2015Q1,1,3.579581863591359,-3.751281863591359,-0.8945174004067789,2.68506446318458,-2.85676446318458,gbr,1
2015-04,2015Q2,1,2.081305553324254,1.8396944466757459,-0.07717951204893486,2.004126041275319,1.9168739587246808,gbr,1
2015-07,2015Q3,1,2.6089639472523483,-0.6254639472523482,-0.19886456686447435,2.410099380387874,-0.42659938038787387,gbr,1
2015-10,2015Q4,1,2.376082893797276,-0.9895828937972759,-1.1021120777243263,1.2739708160729497,0.11252918392705036,gbr,1
2016-01,2016Q1,1,2.2981844812042804,-1.2252844812042805,-0.772533103436575,1.5256513777677054,-0.45275137776770547,gbr,1
2016-04,2016Q2,1,2.096916479377624,-0.6831164793776241,0.22551732431576943,2.3224338036933934,-0.9086338036933935,gbr,1
2016-07,2016Q3,1,2.0553500004519765,1.4610499995480235,-2.396980564942217,-0.34163056449024065,3.8580305644902406,gbr,1
2016-10,2016Q4,1,1.7956669022884897,0.2841330977115104,1.2666267943012428,3.0622936965897325,-0.9824936965897324,gbr,1
2017-01,2017Q1,1,2.574311325458031,-1.151211325458031,-0.7664596463450272,1.807851679113004,-0.3847516791130038,gbr,1
2017-04,2017Q2,1,2.00009583806192,1.06110416193808,1.366109775862008,3.3662056139239276,-0.3050056139239279,gbr,1
2017-07,2017Q3,1,2.9412339902618765,0.21446600973812346,-0.9966836344090669,1.9445503558528094,1.2111496441471905,gbr,1
2017-10,2017Q4,1,1.940734204568399,0.9471657954316011,-0.5677578692875054,1.3729763352808937,1.5149236647191064,gbr,1
2018-01,2018Q1,1,2.9667206331625224,-0.9759206331625225,0.7073095301321946,3.674030163294717,-1.683230163294717,gbr,1
2018-04,2018Q2,1,3.3863246333750943,0.7721753666249058,0.026233703954550068,3.4125583373296444,0.7459416626703558,gbr,1
2018-07,2018Q3,1,2.5018613976542663,0.8542386023457338,0.9860441887829816,3.4879055864372477,-0.13180558643724782,gbr,1
2018-10,2018Q4,1,3.4380901659546126,-1.2711901659546125,0.28734999161901364,3.725440157573626,-1.5585401575736262,gbr,1
2019-01,2019Q1,1,3.4870702970821377,-0.36027029708213787,-1.155826266072546,2.3312440310095917,0.7955559689904081,gbr,1
2019-04,2019Q2,1,1.8211034846314802,0.19319651536851978,0.7134287257729538,2.534532210404434,-0.520232210404434,gbr,1
2019-07,2019Q3,1,2.934880802563357,-0.832480802563357,-1.7071848621108958,1.227695940452461,0.8747040595475388,gbr,1
2019-10,2019Q4,1,2.2275570576727244,-0.10005705767272444,-0.21676699996093435,2.01079005771179,0.11670994228820991,gbr,1
2020-01,2020Q1,1,3.133690302006816,-8.127390302006816,1.6901680203604101,4.823858322367226,-9.817558322367226,gbr,1
2020-04,2020Q2,1,-10.724207510944526,-20.658492489055476,-1.4242035362387135,-12.14841104718324,-19.23428895281676,gbr,1
2020-07,2020Q3,1,9.267811000252703,24.1731889997473,-2.1728433945195698,7.0949676057331335,26.34603239426687,gbr,1
2020-10,2020Q4,1,2.9344573632124407,1.3906426367875593,0.12289038037038393,3.0573477435828247,1.2677522564171753,gbr,1
2021-01,2021Q1,1,8.76727427747565,-2.4062742774756503,1.0822564735918407,9.84953075106749,-3.4885307510674908,gbr,1
2021-04,2021Q2,1,5.060771141233375,1.6643288587666252,-2.372618443664416,2.688152697568959,4.036947302431042,gbr,1
2021-07,2021Q3,1,4.036520875710002,-1.7327208757100019,-1.1271028716283151,2.9094180040816866,-0.6056180040816868,gbr,1
2021-10,2021Q4,1,2.669610815141569,4.224989184858431,-0.9919621955070395,1.6776486196345295,5.216951380365471,gbr,1
2022-01,2022Q1,1,2.9367638730293084,-4.510763873029308,0.07377730547638729,3.010541178505696,-4.584541178505695,gbr,1
2022-04,2022Q2,1,4.909403523785632,-5.486303523785632,-5.896027571734417,-0.9866240479487853,0.40972404794878514,gbr,1
2022-07,2022Q3,1,0.9584438243404041,2.285056175659596,-2.736310294392416,-1.7778664700520117,5.021366470052012,gbr,1
2022-10,2022Q4,1,3.32397512933526,-0.7504751293352601,-4.56452966057286,-1.2405545312375996,3.8140545312375997,gbr,1
2023-01,2023Q1,1,1.2058389767640822,0.7968610232359177,-2.848088309609575,-1.6422493328454928,3.644949332845493,gbr,1
2023-04,2023Q2,1,1.8928053669368166,0.16889463306318353,-4.775446317817304,-2.882640950880487,4.944340950880488,gbr,1
2023-07,2023Q3,1,2.684010537428732,2.176889462571268,-4.525553388688121,-1.8415428512593892,6.70244285125939,gbr,1
2023-10,2023Q4,1,3.065904535895465,0.330795464104535,-5.11571324951051,-2.0498087136150454,5.446508713615046,gbr,1
2024-01,2024Q1,1,3.0896483498233427,-1.6801483498233427,-1.113398509153136,1.9762498406702067,-0.5667498406702067,gbr,1
2024-04,2024Q2,1,2.9919615340870425,-0.0024615340870424163,0.7596630142945614,3.7516245483816038,-0.7621245483816038,gbr,1
2024-07,2024Q3,1,2.4302157333566914,0.6427842666433086,-0.6504425076230304,1.7797732257336611,1.2932267742663388,gbr,1
2024-10,2024Q4,1,2.2549824398171094,0.19451756018289057,0.043391989494900765,2.2983744293120103,0.15112557068798982,gbr,1
2025-01,2025Q1,1,3.357373659565634,-3.859373659565634,-2.376078207065145,0.9812954525004889,-1.4832954525004887,gbr,1
2025-04,2025Q2,1,4.313114358422499,-0.47451435842249934,-1.572665459095863,2.740448899326636,1.0981511006733637,gbr,1
2010-01,2010Q1,1,2.6962783327636894,0.041721667236310545,0.9041028105924168,3.600381143356106,-0.8623811433561063,rf,1
2010-04,2010Q2,1,4.629332488910334,-2.910432488910334,0.08523952580364415,4.714572014713978,-2.9956720147139784,rf,1
2010-07,2010Q3,1,2.3690313318162612,0.18946866818373875,-0.48255214929822937,1.8864791825180318,0.6720208174819682,rf,1
2010-10,2010Q4,1,2.209600593120421,0.904799406879579,-0.6059619180761767,1.6036386750442442,1.5107613249557557,rf,1
2011-01,2011Q1,1,3.160918138751261,-1.2461181387512608,-0.7078942560804464,2.4530238826708146,-0.5382238826708143,rf,1
2011-04,2011Q2,1,4.088410986143658,-2.7543109861436577,0.547653206545403,4.6360641926890604,-3.3019641926890606,rf,1
2011-07,2011Q3,1,2.059188813875248,-0.24468881387524788,-0.10054543338950685,1.958643380485741,-0.14414338048574105,rf,1
2011-10,2011Q4,1,2.799083085796713,0.15551691420328728,0.27630352752722426,3.075386613323937,-0.12078661332393698,rf,1
2012-01,2012Q1,1,4.028645376457211,-2.1569453764572115,-1.1637323980277423,2.864912978429469,-0.9932129784294692,rf,1
2012-04,2012Q2,1,2.7713737553384195,-1.5186737553384195,0.11195594539378852,2.883329700732208,-1.6306297007322081,rf,1
2012-07,2012Q3,1,2.648753272243333,0.45724672775666697,-0.8081929991362294,1.8405602731071036,1.2654397268928963,rf,1
2012-10,2012Q4,1,2.3950538541434057,-2.016553854143406,-0.5146361074754922,1.8804177466679135,-1.5019177466679137,rf,1
2013-01,2013Q1,1,6.546788133447457,-4.769988133447457,-1.3731675881906809,5.173620545256776,-3.3968205452567766,rf,1
2013-04,2013Q2,1,2.0904129066042083,0.3912870933957917,0.3192500283859939,2.409662934990202,0.07203706500979778,rf,1
2013-07,2013Q3,1,3.0518658222831143,1.0822341777168858,-0.4121717401830728,2.6396940821000414,1.4944059178999587,rf,1
2013-10,2013Q4,1,3.457259633168662,-0.8306596331686622,-0.6764139473704035,2.7808456857982584,-0.1542456857982587,rf,1
2014-01,2014Q1,1,3.061737956410492,-5.992137956410492,-0.440469402180758,2.6212685542297343,-5.5516685542297335,rf,1
2014-04,2014Q2,1,3.7839434088400266,0.8080565911599731,-1.4961117730768503,2.287831635763176,2.3041683642368236,rf,1
2014-07,2014Q3,1,2.6711460136197003,2.2955539863803,0.3451796854328744,3.0163256990525746,1.9503743009474257,rf,1
2014-10,2014Q4,1,2.9960533682427095,-0.7786533682427095,-1.1143003432105316,1.881753025032178,0.33564697496782214,rf,1
2015-01,2015Q1,1,3.579581863591359,-3.751281863591359,-0.537027777165693,3.0425540864256657,-3.214254086425666,rf,1
2015-04,2015Q2,1,2.081305553324254,1.8396944466757459,-0.15022161912986529,1.9310839341943886,1.9899160658056112,rf,1
2015-07,2015Q3,1,2.6089639472523483,-0.6254639472523482,0.0929904510816975,2.701954398334046,-0.7184543983340457,rf,1
2015-10,2015Q4,1,2.376082893797276,-0.9895828937972759,-0.4151077233970726,1.9609751704002034,-0.5744751704002033,rf,1
2016-01,2016Q1,1,2.2981844812042804,-1.2252844812042805,-0.44116186613672764,1.8570226150675528,-0.7841226150675529,rf,1
2016-04,2016Q2,1,2.096916479377624,-0.6831164793776241,-0.070410097453611,2.0265063819240132,-0.612706381924013,rf,1
2016-07,2016Q3,1,2.0553500004519765,1.4610499995480235,-1.0887171825120954,0.9666328179398811,2.549767182060119,rf,1
2016-10,2016Q4,1,1.7956669022884897,0.2841330977115104,0.7556843586022509,2.5513512608907405,-0.4715512608907405,rf,1
2017-01,2017Q1,1,2.574311325458031,-1.151211325458031,-0.3261469933671213,2.2481643320909095,-0.8250643320909097,rf,1
2017-04,2017Q2,1,2.00009583806192,1.06110416193808,-0.10301200476719923,1.8970838332947206,1.1641161667052793,rf,1
2017-07,2017Q3,1,2.9412339902618765,0.21446600973812346,-0.6259709065342342,2.3152630837276424,0.8404369162723576,rf,1
2017-10,2017Q4,1,1.940734204568399,0.9471657954316011,-0.26135628685184364,1.6793779177165553,1.2085220822834448,rf,1
2018-01,2018Q1,1,2.9667206331625224,-0.9759206331625225,-0.03062933802472811,2.9360912951377944,-0.9452912951377944,rf,1
2018-04,2018Q2,1,3.3863246333750943,0.7721753666249058,-0.5446403170112466,2.841684316363848,1.3168156836361524,rf,1
2018-07,2018Q3,1,2.5018613976542663,0.8542386023457338,-0.32101725647011126,2.180844141184155,1.175255858815845,rf,1
2018-10,2018Q4,1,3.4380901659546126,-1.2711901659546125,-0.024211168628933685,3.413878997325679,-1.2469789973256789,rf,1
2019-01,2019Q1,1,3.4870702970821377,-0.36027029708213787,-1.3865080758246948,2.1005622212574426,1.026237778742557,rf,1
2019-04,2019Q2,1,1.8211034846314802,0.19319651536851978,0.2518444090670369,2.072947893698517,-0.05864789369851714,rf,1
2019-07,2019Q3,1,2.934880802563357,-0.832480802563357,-0.3763314513100628,2.558549351253294,-0.4561493512532942,rf,1
2019-10,2019Q4,1,2.2275570576727244,-0.10005705767272444,-0.5851231399797163,1.642433917693008,0.4850660823069919,rf,1
2020-01,2020Q1,1,3.133690302006816,-8.127390302006816,-0.3067235999383935,2.8269667020684226,-7.820666702068422,rf,1
2020-04,2020Q2,1,-10.724207510944526,-20.658492489055476,-0.381462080467746,-11.105669591412271,-20.27703040858773,rf,1
2020-07,2020Q3,1,9.267811000252703,24.1731889997473,-0.6244391720214978,8.643371828231205,24.797628171768796,rf,1
2020-10,2020Q4,1,2.9344573632124407,1.3906426367875593,0.1175794822891653,3.052036845501606,1.273063154498394,rf,1
2021-01,2021Q1,1,8.76727427747565,-2.4062742774756503,-0.5617287513173197,8.20554552615833,-1.8445455261583306,rf,1
2021-04,2021Q2,1,5.060771141233375,1.6643288587666252,-1.1947836517901582,3.865987489443217,2.859112510556783,rf,1
2021-07,2021Q3,1,4.036520875710002,-1.7327208757100019,-0.8091895608082879,3.227331314901714,-0.923531314901714,rf,1
2021-10,2021Q4,1,2.669610815141569,4.224989184858431,-0.3488124621683508,2.320798352973218,4.573801647026782,rf,1
2022-01,2022Q1,1,2.9367638730293084,-4.510763873029308,-1.1065659858960113,1.8301978871332971,-3.404197887133297,rf,1
2022-04,2022Q2,1,4.909403523785632,-5.486303523785632,-1.8839171543835875,3.0254863694020444,-3.6023863694020446,rf,1
2022-07,2022Q3,1,0.9584438243404041,2.285056175659596,0.2417179189393485,1.2001617432797527,2.0433382567202476,rf,1
2022-10,2022Q4,1,3.32397512933526,-0.7504751293352601,-1.2975516682908255,2.026423461044435,0.5470765389555654,rf,1
2023-01,2023Q1,1,1.2058389767640822,0.7968610232359177,-0.030613417604718536,1.1752255591593637,0.8274744408406363,rf,1
2023-04,2023Q2,1,1.8928053669368166,0.16889463306318353,-0.2047260471015739,1.6880793198352426,0.37362068016475747,rf,1
2023-07,2023Q3,1,2.684010537428732,2.176889462571268,-0.38520124692707125,2.298809290501661,2.562090709498339,rf,1
2023-10,2023Q4,1,3.065904535895465,0.330795464104535,-1.5491349436666182,1.5167695922288469,1.8799304077711532,rf,1
2024-01,2024Q1,1,3.0896483498233427,-1.6801483498233427,-1.1104274567631214,1.9792208930602213,-0.5697208930602213,rf,1
2024-04,2024Q2,1,2.9919615340870425,-0.0024615340870424163,-0.42583165245183535,2.566129881635207,0.42337011836479294,rf,1
2024-07,2024Q3,1,2.4302157333566914,0.6427842666433086,-0.9571372259074351,1.4730785074492563,1.5999214925507437,rf,1
2024-10,2024Q4,1,2.2549824398171094,0.19451756018289057,-0.8741911456452048,1.3807912941719045,1.0687087058280955,rf,1
2025-01,2025Q1,1,3.357373659565634,-3.859373659565634,-1.9981096142970205,1.3592640452686136,-1.8612640452686133,rf,1
2025-04,2025Q2,1,4.313114358422499,-0.47451435842249934,-1.9394153625704458,2.3736989958520534,1.4649010041479464,rf,1
2010-02,2010Q1,2,3.74545252272316,-1.00745252272316,-0.11392125712190918,3.631531265601251,-0.893531265601251,elastic_net,2
2010-05,2010Q2,2,5.962787306805565,-4.243887306805565,0.77628506183383,6.739072368639395,-5.020172368639395,elastic_net,2
2010-08,2010Q3,2,3.1387822085190273,-0.5802822085190273,-2.919984764646092,0.2187974438729352,2.339702556127065,elastic_net,2
2010-11,2010Q4,2,2.666300797868697,0.44809920213130283,-1.002214231094779,1.664086566773918,1.4503134332260819,elastic_net,2
2011-02,2011Q1,2,4.789607362368934,-2.874807362368934,1.4800217047714688,6.269629067140403,-4.354829067140403,elastic_net,2
2011-05,2011Q2,2,2.8542439462713984,-1.5201439462713984,-2.5457444203606117,0.3084995259107868,1.0256004740892133,elastic_net,2
2011-08,2011Q3,2,2.721586802025003,-0.9070868020250031,-1.2786568044512248,1.4429299975737784,0.3715700024262216,elastic_net,2
2011-11,2011Q4,2,3.087307425169085,-0.13270742516908474,-1.3824101435500091,1.7048972816190757,1.2497027183809244,elastic_net,2
2012-02,2012Q1,2,4.941992891428451,-3.0702928914284513,-1.61682863456603,3.325164256862421,-1.4534642568624212,elastic_net,2
2012-05,2012Q2,2,2.848587120192675,-1.5958871201926752,-1.3454924018885135,1.5030947183041616,-0.2503947183041617,elastic_net,2
2012-08,2012Q3,2,2.808476534223132,0.2975234657768677,-0.8057880903480608,2.0026884438750714,1.1033115561249285,elastic_net,2
2012-11,2012Q4,2,1.7708555755590893,-1.3923555755590893,-1.3104829287424022,0.4603726468166871,-0.08187264681668704,elastic_net,2
2013-02,2013Q1,2,4.639141620277142,-2.8623416202771423,-4.627722960861256,0.011418659415886268,1.7653813405841134,elastic_net,2
2013-05,2013Q2,2,1.4424103341706598,1.0392896658293402,-1.633674713989054,-0.19126437981839417,2.672964379818394,elastic_net,2
2013-08,2013Q3,2,2.4846225279937606,1.6494774720062395,-1.5593415645110242,0.9252809634827364,3.208819036517264,elastic_net,2
2013-11,2013Q4,2,3.0019048790048024,-0.3753048790048026,-2.4300499898344867,0.5718548891703157,2.054745110829684,elastic_net,2
2014-02,2014Q1,2,1.8062459026304787,-4.736645902630479,-0.8480713815266335,0.9581745211038452,-3.8885745211038456,elastic_net,2
2014-05,2014Q2,2,3.8892139712065177,0.702786028793482,-1.2578856009308956,2.631328370275622,1.9606716297243776,elastic_net,2
2014-08,2014Q3,2,4.241434972444345,0.7252650275556549,-1.0123208061236086,3.229114166320737,1.7375858336792636,elastic_net,2
2014-11,2014Q4,2,3.1304689535772874,-0.9130689535772873,-1.2620891647789434,1.868379788798344,0.34902021120165605,elastic_net,2
2015-02,2015Q1,2,2.966008609978281,-3.137708609978281,-1.2393717243181057,1.7266368856601755,-1.8983368856601754,elastic_net,2
2015-05,2015Q2,2,2.752693339775003,1.1683066602249967,1.077429835463485,3.830123175238488,0.09087682476151171,elastic_net,2
2015-08,2015Q3,2,3.071052145718314,-1.0875521457183142,2.409277797996921,5.480329943715235,-3.496829943715235,elastic_net,2
2015-11,2015Q4,2,3.3360947752241614,-1.9495947752241614,-0.5659115071030356,2.7701832681211256,-1.3836832681211257,elastic_net,2
2016-02,2016Q1,2,2.508507315072157,-1.435607315072157,-0.45341852166794455,2.0550887934042126,-0.9821887934042126,elastic_net,2
2016-05,2016Q2,2,2.808170270934644,-1.3943702709346442,0.6913649244663478,3.499535195400992,-2.085735195400992,elastic_net,2
2016-08,2016Q3,2,3.1538286511146936,0.3625713488853064,-0.7065822160494912,2.4472464350652023,1.0691535649347976,elastic_net,2
2016-11,2016Q4,2,3.159546876343304,-1.0797468763433038,1.3262103956619853,4.485757272005289,-2.4059572720052893,elastic_net,2
2017-02,2017Q1,2,3.150845376942201,-1.7277453769422009,-0.32462185413147254,2.826223522810728,-1.4031235228107284,elastic_net,2
2017-05,2017Q2,2,2.9656117396746002,0.09558826032539969,-0.8931363772419032,2.072475362432697,0.9887246375673029,elastic_net,2
2017-08,2017Q3,2,2.3026197113434343,0.8530802886565656,-0.40570622925894245,1.896913482084492,1.258786517915508,elastic_net,2
2017-11,2017Q4,2,4.0117246299782865,-1.1238246299782864,-1.452828807042246,2.558895822936041,0.32900417706395957,elastic_net,2
2018-02,2018Q1,2,3.014236398868426,-1.0234363988684263,-0.4216556926780572,2.592580706190369,-0.601780706190369,elastic_net,2
2018-05,2018Q2,2,3.1826905512673562,0.9758094487326439,-1.1613454490681536,2.0213451021992026,2.1371548978007975,elastic_net,2
2018-08,2018Q3,2,3.0022428330512305,0.35385716694876956,-0.6013443132218295,2.400898519829401,0.955201480170599,elastic_net,2
2018-11,2018Q4,2,3.4101130583922057,-1.2432130583922056,-0.4357388330900157,2.97437422530219,-0.8074742253021899,elastic_net,2
2019-02,2019Q1,2,1.8480743396710957,1.2787256603289041,1.513224178835137,3.3612985185062327,-0.23449851850623293,elastic_net,2
2019-05,2019Q2,2,1.869890213744553,0.14440978625544698,-0.7368867417498697,1.1330034719946833,0.8812965280053167,elastic_net,2
2019-08,2019Q3,2,2.2790448020301857,-0.17664480203018584,-0.13578809273209697,2.1432567092980888,-0.04085670929808888,elastic_net,2
2019-11,2019Q4,2,1.5526037644308337,0.5748962355691662,-0.0016395919554177962,1.550964172475416,0.576535827524584,elastic_net,2
2020-02,2020Q1,2,2.7817925407437554,-7.775492540743755,0.0018022378143583984,2.783594778558114,-7.7772947785581135,elastic_net,2
2020-05,2020Q2,2,-31.78427815088021,0.40157815088020854,6.244543829026382,-25.539734321853828,-5.842965678146173,elastic_net,2
2020-08,2020Q3,2,13.332012403527465,20.108987596472538,5.563974551874971,18.895986955402435,14.545013044597567,elastic_net,2
2020-11,2020Q4,2,0.2020692788288443,4.123030721171156,-5.588623005632186,-5.386553726803342,9.711653726803341,elastic_net,2
2021-02,2021Q1,2,9.80677378058038,-3.4457737805803808,-5.369037222615027,4.437736557965353,1.9232634420346466,elastic_net,2
2021-05,2021Q2,2,2.7798028556766687,3.9452971443233316,2.901890131982307,5.681692987658976,1.0434070123410244,elastic_net,2
2021-08,2021Q3,2,4.553610744643002,-2.2498107446430025,-5.319937692822951,-0.7663269481799491,3.070126948179949,elastic_net,2
2021-11,2021Q4,2,3.9084277857482386,2.986172214251761,-2.2321840014364702,1.6762437843117683,5.218356215688232,elastic_net,2
2022-02,2022Q1,2,1.9849472629162146,-3.558947262916215,0.5684078928720868,2.553355155788301,-4.127355155788302,elastic_net,2
2022-05,2022Q2,2,5.42236441639762,-5.9992644163976205,3.6357431622394225,9.058107578637042,-9.635007578637044,elastic_net,2
2022-08,2022Q3,2,2.1596751493860995,1.0838248506139005,3.437226237367929,5.596901386754029,-2.3534013867540287,elastic_net,2
2022-11,2022Q4,2,2.9106855378147594,-0.33718553781475924,-0.012260312577827934,2.8984252252369314,-0.3249252252369313,elastic_net,2
2023-02,2023Q1,2,2.3940374741230728,-0.39133747412307285,-1.986270832509352,0.40776664161372067,1.5949333583862793,elastic_net,2
2023-05,2023Q2,2,2.555429909525278,-0.49372990952527784,-0.7401212500946208,1.8153086594306571,0.24639134056934298,elastic_net,2
2023-08,2023Q3,2,2.390978598438223,2.469921401561777,-0.29511915871257854,2.0958594397256443,2.7650405602743557,elastic_net,2
2023-11,2023Q4,2,1.9516532210054027,1.4450467789945973,1.3497929278441072,3.30144614884951,0.09525385115049012,elastic_net,2
2024-02,2024Q1,2,2.009245720437901,-0.5997457204379009,-0.8527557017541372,1.1564900186837637,0.2530099813162363,elastic_net,2
2024-05,2024Q2,2,2.4277301823793014,0.5617698176206987,0.564516808259448,2.9922469906387494,-0.0027469906387493914,elastic_net,2
2024-08,2024Q3,2,2.227267609106979,0.845732390893021,0.6481220396455198,2.875389648752499,0.19761035124750115,elastic_net,2
2024-11,2024Q4,2,1.4529596095371682,0.9965403904628318,-0.06336730563475859,1.3895923039024096,1.0599076960975904,elastic_net,2
2025-02,2025Q1,2,2.9104567617428305,-3.4124567617428303,0.18342164359731306,3.093878405340144,-3.5958784053401436,elastic_net,2
2025-05,2025Q2,2,3.5431283352004606,0.29547166479953946,2.178228930251774,5.721357265452235,-1.8827572654522347,elastic_net,2
2010-02,2010Q1,2,3.74545252272316,-1.00745252272316,1.8020797000489606,5.547532222772121,-2.8095322227721207,gbr,2
2010-05,2010Q2,2,5.962787306805565,-4.243887306805565,0.4220835417175774,6.384870848523142,-4.665970848523142,gbr,2
2010-08,2010Q3,2,3.1387822085190273,-0.5802822085190273,-1.2344631387730374,1.90431906974599,0.65418093025401,gbr,2
2010-11,2010Q4,2,2.666300797868697,0.44809920213130283,-0.059816836748692225,2.606483961120005,0.507916038879995,gbr,2
2011-02,2011Q1,2,4.789607362368934,-2.874807362368934,1.0312465910596793,5.820853953428614,-3.9060539534286134,gbr,2
2011-05,2011Q2,2,2.8542439462713984,-1.5201439462713984,-0.11772287939739673,2.7365210668740017,-1.4024210668740016,gbr,2
2011-08,2011Q3,2,2.721586802025003,-0.9070868020250031,-0.7942063076367327,1.9273804943882704,-0.11288049438827041,gbr,2
2011-11,2011Q4,2,3.087307425169085,-0.13270742516908474,-0.5027032953010674,2.5846041298680174,0.36999587013198265,gbr,2
2012-02,2012Q1,2,4.941992891428451,-3.0702928914284513,-2.1406826623489676,2.8013102290794833,-0.9296102290794837,gbr,2
2012-05,2012Q2,2,2.848587120192675,-1.5958871201926752,-1.0517139886623317,1.7968731315303434,-0.5441731315303435,gbr,2
2012-08,2012Q3,2,2.808476534223132,0.2975234657768677,-0.44913883010319855,2.3593377041199335,0.7466622958800663,gbr,2
2012-11,2012Q4,2,1.7708555755590893,-1.3923555755590893,-0.8854863686319451,0.8853692069271443,-0.5068692069271442,gbr,2
2013-02,2013Q1,2,4.639141620277142,-2.8623416202771423,-0.7487328329835009,3.8904087872936413,-2.1136087872936415,gbr,2
2013-05,2013Q2,2,1.4424103341706598,1.0392896658293402,-0.9866724042031503,0.4557379299675095,2.0259620700324907,gbr,2
2013-08,2013Q3,2,2.4846225279937606,1.6494774720062395,-0.7300353089399773,1.7545872190537835,2.3795127809462167,gbr,2
2013-11,2013Q4,2,3.0019048790048024,-0.3753048790048026,-0.08263812688213924,2.919266752122663,-0.29266675212266335,gbr,2
2014-02,2014Q1,2,1.8062459026304787,-4.736645902630479,-0.13164889539452565,1.674597007235953,-4.604997007235953,gbr,2
2014-05,2014Q2,2,3.8892139712065177,0.702786028793482,-1.2633199905145975,2.62589398069192,1.9661060193080795,gbr,2
2014-08,2014Q3,2,4.241434972444345,0.7252650275556549,-2.8839220578083866,1.3575129146359588,3.6091870853640415,gbr,2
2014-11,2014Q4,2,3.1304689535772874,-0.9130689535772873,-0.707737564465767,2.4227313891115205,-0.20533138911152038,gbr,2
2015-02,2015Q1,2,2.966008609978281,-3.137708609978281,-1.2927115025079758,1.6732971074703054,-1.8449971074703053,gbr,2
2015-05,2015Q2,2,2.752693339775003,1.1683066602249967,-0.3196441206101629,2.43304921916484,1.4879507808351597,gbr,2
2015-08,2015Q3,2,3.071052145718314,-1.0875521457183142,-0.4813201984378384,2.589731947280476,-0.6062319472804758,gbr,2
2015-11,2015Q4,2,3.3360947752241614,-1.9495947752241614,-1.2003274651323275,2.135767310091834,-0.7492673100918339,gbr,2
2016-02,2016Q1,2,2.508507315072157,-1.435607315072157,-0.41197512853862195,2.096532186533535,-1.0236321865335352,gbr,2
2016-05,2016Q2,2,2.808170270934644,-1.3943702709346442,0.4961537095678601,3.304323980502504,-1.8905239805025043,gbr,2
2016-08,2016Q3,2,3.1538286511146936,0.3625713488853064,-1.1877281735052914,1.9661004776094022,1.5502995223905978,gbr,2
2016-11,2016Q4,2,3.159546876343304,-1.0797468763433038,1.351689129402008,4.511236005745312,-2.4314360057453115,gbr,2
2017-02,2017Q1,2,3.150845376942201,-1.7277453769422009,-0.057819830573559355,3.0930255463686414,-1.6699255463686415,gbr,2
2017-05,2017Q2,2,2.9656117396746002,0.09558826032539969,-0.8341907771642986,2.1314209625103016,0.9297790374896983,gbr,2
2017-08,2017Q3,2,2.3026197113434343,0.8530802886565656,-0.2936551430303021,2.0089645683131323,1.1467354316868676,gbr,2
2017-11,2017Q4,2,4.0117246299782865,-1.1238246299782864,0.1990242468028784,4.210748876781165,-1.3228488767811648,gbr,2
2018-02,2018Q1,2,3.014236398868426,-1.0234363988684263,-0.7564531056327466,2.2577832932356796,-0.2669832932356797,gbr,2
2018-05,2018Q2,2,3.1826905512673562,0.9758094487326439,-0.43907499503857855,2.743615556228778,1.4148844437712225,gbr,2
2018-08,2018Q3,2,3.0022428330512305,0.35385716694876956,-0.8653569038403778,2.1368859292108526,1.2192140707891475,gbr,2
2018-11,2018Q4,2,3.4101130583922057,-1.2432130583922056,-0.6696560373608305,2.740457021031375,-0.5735570210313752,gbr,2
2019-02,2019Q1,2,1.8480743396710957,1.2787256603289041,-1.9820977857637976,-0.1340234460927019,3.2608234460927017,gbr,2
2019-05,2019Q2,2,1.869890213744553,0.14440978625544698,-0.7949084265332964,1.0749817872112566,0.9393182127887434,gbr,2
2019-08,2019Q3,2,2.2790448020301857,-0.17664480203018584,0.07388556591086437,2.35293036794105,-0.2505303679410502,gbr,2
2019-11,2019Q4,2,1.5526037644308337,0.5748962355691662,-0.34422807344212947,1.2083756909887042,0.9191243090112957,gbr,2
2020-02,2020Q1,2,2.7817925407437554,-7.775492540743755,-0.3369526401834365,2.4448399005603187,-7.438539900560319,gbr,2
2020-05,2020Q2,2,-31.78427815088021,0.40157815088020854,1.5793381855504904,-30.204939965329718,-1.177760034670282,gbr,2
2020-08,2020Q3,2,13.332012403527465,20.108987596472538,-0.43253950164399985,12.899472901883465,20.54152709811654,gbr,2
2020-11,2020Q4,2,0.2020692788288443,4.123030721171156,-0.25281787402194844,-0.05074859519310415,4.375848595193104,gbr,2
2021-02,2021Q1,2,9.80677378058038,-3.4457737805803808,0.4897199887733288,10.29649376935371,-3.9354937693537098,gbr,2
2021-05,2021Q2,2,2.7798028556766687,3.9452971443233316,-0.5189922384222748,2.260810617254394,4.464289382745607,gbr,2
2021-08,2021Q3,2,4.553610744643002,-2.2498107446430025,-0.9235175921115004,3.6300931525315017,-1.326293152531502,gbr,2
2021-11,2021Q4,2,3.9084277857482386,2.986172214251761,-1.1436726488800077,2.7647551368682306,4.129844863131769,gbr,2
2022-02,2022Q1,2,1.9849472629162146,-3.558947262916215,-0.17467250248907795,1.8102747604271365,-3.384274760427137,gbr,2
2022-05,2022Q2,2,5.42236441639762,-5.9992644163976205,-0.15479440913134251,5.267570007266277,-5.844470007266278,gbr,2
2022-08,2022Q3,2,2.1596751493860995,1.0838248506139005,0.9525573386276601,3.1122324880137597,0.13126751198624043,gbr,2
2022-11,2022Q4,2,2.9106855378147594,-0.33718553781475924,-1.3397748247431847,1.5709107130715747,1.0025892869284254,gbr,2
2023-02,2023Q1,2,2.3940374741230728,-0.39133747412307285,-0.3360278233783937,2.0580096507446792,-0.05530965074467914,gbr,2
2023-05,2023Q2,2,2.555429909525278,-0.49372990952527784,0.14394731981655853,2.6993772293418363,-0.6376772293418363,gbr,2
2023-08,2023Q3,2,2.390978598438223,2.469921401561777,0.30148591613011594,2.692464514568339,2.168435485431661,gbr,2
2023-11,2023Q4,2,1.9516532210054027,1.4450467789945973,-1.198910217633758,0.7527430033716447,2.643956996628355,gbr,2
2024-02,2024Q1,2,2.009245720437901,-0.5997457204379009,-1.0014577798333892,1.0077879406045116,0.4017120593954884,gbr,2
2024-05,2024Q2,2,2.4277301823793014,0.5617698176206987,1.8200269937964912,4.247757176175792,-1.2582571761757926,gbr,2
2024-08,2024Q3,2,2.227267609106979,0.845732390893021,0.38394730508141234,2.611214914188391,0.46178508581160865,gbr,2
2024-11,2024Q4,2,1.4529596095371682,0.9965403904628318,0.6057548641700352,2.0587144737072034,0.3907855262927966,gbr,2
2025-02,2025Q1,2,2.9104567617428305,-3.4124567617428303,-1.6225719016022788,1.2878848601405517,-1.7898848601405515,gbr,2
2025-05,2025Q2,2,3.5431283352004606,0.29547166479953946,0.5700834540809024,4.113211789281363,-0.274611789281363,gbr,2
2010-02,2010Q1,2,3.74545252272316,-1.00745252272316,1.5055316354879196,5.25098415821108,-2.5129841582110797,rf,2
2010-05,2010Q2,2,5.962787306805565,-4.243887306805565,0.11001165606545127,6.0727989628710155,-4.353898962871016,rf,2
2010-08,2010Q3,2,3.1387822085190273,-0.5802822085190273,-0.41082167203798153,2.7279605364810458,-0.1694605364810458,rf,2
2010-11,2010Q4,2,2.666300797868697,0.44809920213130283,-0.09947558469176784,2.566825213176929,0.5475747868230707,rf,2
2011-02,2011Q1,2,4.789607362368934,-2.874807362368934,0.14175512811126573,4.9313624904802,-3.0165624904802,rf,2
2011-05,2011Q2,2,2.8542439462713984,-1.5201439462713984,-0.27559955115776325,2.5786443951136353,-1.244544395113635,rf,2
2011-08,2011Q3,2,2.721586802025003,-0.9070868020250031,-0.41549726594689035,2.3060895360781126,-0.4915895360781128,rf,2
2011-11,2011Q4,2,3.087307425169085,-0.13270742516908474,-0.41196204522032875,2.675345379948756,0.279254620051244,rf,2
2012-02,2012Q1,2,4.941992891428451,-3.0702928914284513,-0.9826808098635611,3.9593120815648897,-2.08761208156489,rf,2
2012-05,2012Q2,2,2.848587120192675,-1.5958871201926752,-0.6654455891329872,2.183141531059688,-0.930441531059688,rf,2
2012-08,2012Q3,2,2.808476534223132,0.2975234657768677,-0.27391383192240043,2.5345627023007316,0.5714372976992681,rf,2
2012-11,2012Q4,2,1.7708555755590893,-1.3923555755590893,-0.9881681306406648,0.7826874449184246,-0.4041874449184245,rf,2
2013-02,2013Q1,2,4.639141620277142,-2.8623416202771423,-0.9366792855462296,3.7024623347309125,-1.9256623347309128,rf,2
2013-05,2013Q2,2,1.4424103341706598,1.0392896658293402,-0.7300187389100694,0.7123915952605904,1.7693084047394096,rf,2
2013-08,2013Q3,2,2.4846225279937606,1.6494774720062395,-0.7157213196305438,1.768901208363217,2.365198791636783,rf,2
2013-11,2013Q4,2,3.0019048790048024,-0.3753048790048026,-0.49749192909506035,2.5044129499097423,0.12218705009025776,rf,2
2014-02,2014Q1,2,1.8062459026304787,-4.736645902630479,-0.6856235264050078,1.1206223762254708,-4.051022376225471,rf,2
2014-05,2014Q2,2,3.8892139712065177,0.702786028793482,-1.1033853444115465,2.785828626794971,1.8061713732050284,rf,2
2014-08,2014Q3,2,4.241434972444345,0.7252650275556549,-1.0803928178443378,3.1610421546000076,1.8056578453999927,rf,2
2014-11,2014Q4,2,3.1304689535772874,-0.9130689535772873,-0.6200743105073186,2.5103946430699686,-0.2929946430699687,rf,2
2015-02,2015Q1,2,2.966008609978281,-3.137708609978281,-0.9579037347915406,2.0081048751867407,-2.1798048751867407,rf,2
2015-05,2015Q2,2,2.752693339775003,1.1683066602249967,-0.4296823240531584,2.3230110157218444,1.5979889842781552,rf,2
2015-08,2015Q3,2,3.071052145718314,-1.0875521457183142,-0.3218435470941707,2.7492085986241435,-0.7657085986241434,rf,2
2015-11,2015Q4,2,3.3360947752241614,-1.9495947752241614,-0.9914092328420988,2.3446855423820625,-0.9581855423820625,rf,2
2016-02,2016Q1,2,2.508507315072157,-1.435607315072157,-0.584844358193635,1.923662956878522,-0.8507629568785221,rf,2
2016-05,2016Q2,2,2.808170270934644,-1.3943702709346442,-0.017421554733101176,2.7907487162015427,-1.376948716201543,rf,2
2016-08,2016Q3,2,3.1538286511146936,0.3625713488853064,-0.9642351092284089,2.1895935418862846,1.3268064581137153,rf,2
2016-11,2016Q4,2,3.159546876343304,-1.0797468763433038,0.3818171202868655,3.5413639966301695,-1.4615639966301692,rf,2
2017-02,2017Q1,2,3.150845376942201,-1.7277453769422009,-0.6058063806341033,2.5450389963080977,-1.1219389963080975,rf,2
2017-05,2017Q2,2,2.9656117396746002,0.09558826032539969,-0.7000347758321023,2.265576963842498,0.795623036157502,rf,2
2017-08,2017Q3,2,2.3026197113434343,0.8530802886565656,-0.48626659457060273,1.8163531167728317,1.3393468832271682,rf,2
2017-11,2017Q4,2,4.0117246299782865,-1.1238246299782864,-1.060265062675971,2.951459567302315,-0.06355956730231527,rf,2
2018-02,2018Q1,2,3.014236398868426,-1.0234363988684263,-0.9861967880679109,2.028039610800515,-0.03723961080051541,rf,2
2018-05,2018Q2,2,3.1826905512673562,0.9758094487326439,-0.3807207483639958,2.8019698029033604,1.3565301970966397,rf,2
2018-08,2018Q3,2,3.0022428330512305,0.35385716694876956,-0.8159898552767285,2.186252977774502,1.1698470222254982,rf,2
2018-11,2018Q4,2,3.4101130583922057,-1.2432130583922056,-0.5669870577495308,2.843126000642675,-0.6762260006426748,rf,2
2019-02,2019Q1,2,1.8480743396710957,1.2787256603289041,-0.5157700889834849,1.3323042506876108,1.794495749312389,rf,2
2019-05,2019Q2,2,1.869890213744553,0.14440978625544698,-0.8875718710315765,0.9823183427129765,1.0319816572870235,rf,2
2019-08,2019Q3,2,2.2790448020301857,-0.17664480203018584,-0.17261639346924645,2.106428408560939,-0.004028408560939389,rf,2
2019-11,2019Q4,2,1.5526037644308337,0.5748962355691662,-0.19889697029912112,1.3537067941317127,0.7737932058682874,rf,2
2020-02,2020Q1,2,2.7817925407437554,-7.775492540743755,-0.33516765697688905,2.4466248837668663,-7.440324883766866,rf,2
2020-05,2020Q2,2,-31.78427815088021,0.40157815088020854,0.7170779762740078,-31.0672001746062,-0.3154998253937993,rf,2
2020-08,2020Q3,2,13.332012403527465,20.108987596472538,-0.3404319292692671,12.991580474258198,20.449419525741806,rf,2
2020-11,2020Q4,2,0.2020692788288443,4.123030721171156,-0.5106463202425676,-0.30857704141372333,4.633677041413724,rf,2
2021-02,2021Q1,2,9.80677378058038,-3.4457737805803808,0.3703262460904043,10.177100026670784,-3.816100026670785,rf,2
2021-05,2021Q2,2,2.7798028556766687,3.9452971443233316,-0.5401571973621655,2.2396456583145032,4.485454341685497,rf,2
2021-08,2021Q3,2,4.553610744643002,-2.2498107446430025,-1.0400297938603436,3.513580950782659,-1.209780950782659,rf,2
2021-11,2021Q4,2,3.9084277857482386,2.986172214251761,-0.4713923453422496,3.437035440405989,3.4575645595940108,rf,2
2022-02,2022Q1,2,1.9849472629162146,-3.558947262916215,-0.16662744560515355,1.818319817311061,-3.392319817311061,rf,2
2022-05,2022Q2,2,5.42236441639762,-5.9992644163976205,-0.19340487584896746,5.228959540548653,-5.805859540548653,rf,2
2022-08,2022Q3,2,2.1596751493860995,1.0838248506139005,0.27027474348445124,2.4299498928705505,0.8135501071294493,rf,2
2022-11,2022Q4,2,2.9106855378147594,-0.33718553781475924,0.05920771916394603,2.9698932569787053,-0.39639325697870526,rf,2
2023-02,2023Q1,2,2.3940374741230728,-0.39133747412307285,-0.09370916318962466,2.3003283109334483,-0.2976283109334482,rf,2
2023-05,2023Q2,2,2.555429909525278,-0.49372990952527784,0.1074089780943816,2.6628388876196594,-0.6011388876196595,rf,2
2023-08,2023Q3,2,2.390978598438223,2.469921401561777,0.10628954994353822,2.497268148381761,2.363631851618239,rf,2
2023-11,2023Q4,2,1.9516532210054027,1.4450467789945973,0.11209080291623821,2.063744023921641,1.3329559760783591,rf,2
2024-02,2024Q1,2,2.009245720437901,-0.5997457204379009,-0.7853758076768236,1.2238699127610773,0.18563008723892271,rf,2
2024-05,2024Q2,2,2.4277301823793014,0.5617698176206987,0.6373522593642664,3.065082441743568,-0.07558244174356776,rf,2
2024-08,2024Q3,2,2.227267609106979,0.845732390893021,-0.16653538064000237,2.0607322284669767,1.0122677715330233,rf,2
2024-11,2024Q4,2,1.4529596095371682,0.9965403904628318,0.25498851499384495,1.707948124531013,0.7415518754689869,rf,2
2025-02,2025Q1,2,2.9104567617428305,-3.4124567617428303,-0.9865312020314775,1.923925559711353,-2.4259255597113527,rf,2
2025-05,2025Q2,2,3.5431283352004606,0.29547166479953946,-0.053356516896834336,3.4897718183036264,0.3488281816963738,rf,2
2010-03,2010Q1,3,3.1212953800066905,-0.3832953800066905,2.4515516094818697,5.572846989488561,-2.83484698948856,elastic_net,3
2010-06,2010Q2,3,5.89496792818422,-4.176067928184221,-0.25188374976049277,5.643084178423727,-3.924184178423728,elastic_net,3
2010-09,2010Q3,3,2.7809531914209678,-0.22245319142096776,-4.344595649276013,-1.5636424578550456,4.122142457855046,elastic_net,3
2010-12,2010Q4,3,2.7238707143559338,0.3905292856440661,-1.0884724571908502,1.6353982571650836,1.4790017428349163,elastic_net,3
2011-03,2011Q1,3,5.405257330968036,-3.490457330968036,-1.8297649269295369,3.575492404038499,-1.660692404038499,elastic_net,3
2011-06,2011Q2,3,2.900395587329409,-1.566295587329409,-1.2136203444218205,1.6867752429075886,-0.35267524290758856,elastic_net,3
2011-09,2011Q3,3,2.4177235966439565,-0.6032235966439565,-0.2507187664112509,2.1670048302327056,-0.3525048302327056,elastic_net,3
2011-12,2011Q4,3,3.32826676236363,-0.37366676236363006,0.054844284775640545,3.3831110471392707,-0.4285110471392706,elastic_net,3
2012-03,2012Q1,3,4.596057091093187,-2.7243570910931876,-0.6089345050201228,3.9871225860730646,-2.115422586073065,elastic_net,3
2012-06,2012Q2,3,2.6881453937355273,-1.4354453937355274,-2.5651245591135865,0.1230208346219408,1.1296791653780591,elastic_net,3
2012-09,2012Q3,3,1.5254368111737846,1.5805631888262153,0.0008433513384905542,1.526280162512275,1.5797198374877248,elastic_net,3
2012-12,2012Q4,3,2.2897990412378,-1.9112990412378001,-1.773008018260411,0.5167910229773891,-0.13829102297738904,elastic_net,3
2013-03,2013Q1,3,3.3289219167356787,-1.5521219167356788,0.327638606078821,3.6565605228145,-1.8797605228144998,elastic_net,3
2013-06,2013Q2,3,1.941842313292969,0.539857686707031,-0.7676874132415092,1.1741549000514597,1.3075450999485403,elastic_net,3
2013-09,2013Q3,3,2.763249114273744,1.3708508857262562,-1.5473078503289,1.215941263944844,2.9181587360551564,elastic_net,3
2013-12,2013Q4,3,3.519523695799461,-0.8929236957994613,-0.4015778940702978,3.1179458017291632,-0.4913458017291635,elastic_net,3
2014-03,2014Q1,3,2.322166748693811,-5.252566748693811,-1.9019548486354303,0.4202119000583808,-3.3506119000583805,elastic_net,3
2014-06,2014Q2,3,4.04969859144105,0.5423014085589495,-0.6952019237328276,3.3544966677082226,1.237503332291777,elastic_net,3
2014-09,2014Q3,3,2.925007144842553,2.0416928551574474,-0.8743728146598623,2.0506343301826906,2.9160656698173097,elastic_net,3
2014-12,2014Q4,3,3.8300171528065095,-1.6126171528065094,-0.6503593930927822,3.179657759713727,-0.9622577597137272,elastic_net,3
2015-03,2015Q1,3,2.469209503652082,-2.640909503652082,-3.188557983954842,-0.7193484803027599,0.5476484803027599,elastic_net,3
2015-06,2015Q2,3,2.505096735989509,1.415903264010491,-0.7352559589269619,1.769840777062547,2.1511592229374528,elastic_net,3
2015-09,2015Q3,3,2.482553037495932,-0.4990530374959319,-0.19571414863466327,2.2868388888612685,-0.3033388888612686,elastic_net,3
2015-12,2015Q4,3,3.197945977322267,-1.8114459773222669,0.9130256974991936,4.11097167482146,-2.7244716748214604,elastic_net,3
2016-03,2016Q1,3,2.7243925118269483,-1.6514925118269483,-0.5877510583238645,2.136641453503084,-1.0637414535030838,elastic_net,3
2016-06,2016Q2,3,2.1256691321032872,-0.7118691321032873,0.8553546935695931,2.9810238256728803,-1.5672238256728805,elastic_net,3
2016-09,2016Q3,3,2.2867520987025216,1.2296479012974784,0.46846751688073507,2.7552196155832567,0.7611803844167433,elastic_net,3
2016-12,2016Q4,3,2.509656155422442,-0.42985615542244204,0.14049921443290989,2.650155369855352,-0.570355369855352,elastic_net,3
2017-03,2017Q1,3,3.5520430982947464,-2.128943098294746,-0.29946278427031836,3.252580314024428,-1.8294803140244278,elastic_net,3
2017-06,2017Q2,3,2.525015417707346,0.5361845822926541,-0.02288740226425892,2.5021280154430867,0.559071984556913,elastic_net,3
2017-09,2017Q3,3,2.130769050637098,1.024930949362902,0.7230049068423661,2.853773957479464,0.3019260425205359,elastic_net,3
2017-12,2017Q4,3,3.644789614331701,-0.7568896143317008,-0.45550810857821933,3.1892815057534816,-0.30138150575348144,elastic_net,3
2018-03,2018Q1,3,3.526094773865594,-1.535294773865594,-1.9685992608869844,1.5574955129786094,0.43330448702139046,elastic_net,3
2018-06,2018Q2,3,2.743082898047136,1.415417101952864,-0.7424377365862531,2.000645161460883,2.157854838539117,elastic_net,3
2018-09,2018Q3,3,2.903615485276159,0.452484514723841,-0.18205016867693907,2.72156531659922,0.6345346834007801,elastic_net,3
2018-12,2018Q4,3,2.7942675276867788,-0.6273675276867787,0.7619940203042139,3.5562615479909927,-1.3893615479909927,elastic_net,3
2019-03,2019Q1,3,2.249430898166236,0.8773691018337639,0.3040481038687271,2.553479002034963,0.5733209979650369,elastic_net,3
2019-06,2019Q2,3,1.7227646231591283,0.2915353768408717,-0.08320483610179946,1.6395597870573289,0.3747402129426712,elastic_net,3
2019-09,2019Q3,3,2.682150149041889,-0.5797501490418893,-1.465902817972474,1.216247331069415,0.8861526689305848,elastic_net,3
2019-12,2019Q4,3,2.144570728809348,-0.0170707288093479,-1.5944383495424506,0.5501323792668973,1.5773676207331027,elastic_net,3
2020-03,2020Q1,3,2.8396343575148224,-7.833334357514822,0.4499089821670773,3.2895433396818996,-8.2832433396819,elastic_net,3
2020-06,2020Q2,3,-15.7728580682593,-15.6098419317407,11.715693456718181,-4.057164611541118,-27.32553538845888,elastic_net,3
2020-09,2020Q3,3,13.30040484324063,20.140595156759375,-2.6873354938773764,10.613069349363254,22.827930650636752,elastic_net,3
2020-12,2020Q4,3,0.24393088244269112,4.081169117557309,2.391742266362461,2.635673148805152,1.689426851194848,elastic_net,3
2021-03,2021Q1,3,6.445527615799353,-0.0845276157993533,2.6130594350202574,9.058587050819611,-2.6975870508196107,elastic_net,3
2021-06,2021Q2,3,1.918222702005434,4.806877297994566,3.015750530397122,4.933973232402556,1.791126767597444,elastic_net,3
2021-09,2021Q3,3,4.940698073811647,-2.636898073811647,-1.4868517145185485,3.4538463592930984,-1.1500463592930985,elastic_net,3
2021-12,2021Q4,3,4.303606980932482,2.5909930190675174,-0.9393905648471816,3.3642164160853003,3.5303835839146993,elastic_net,3
2022-03,2022Q1,3,2.92416225086644,-4.49816225086644,-0.18757072364855737,2.7365915272178825,-4.310591527217883,elastic_net,3
2022-06,2022Q2,3,4.795762097812129,-5.372662097812129,-0.2943375965491673,4.501424501262962,-5.078324501262962,elastic_net,3
2022-09,2022Q3,3,1.9608755356938952,1.2826244643061049,-3.1377678649720546,-1.1768923292781595,4.42039232927816,elastic_net,3
2022-12,2022Q4,3,2.315192170977631,0.25830782902236926,-0.38528629330544384,1.9299058776721871,0.6435941223278131,elastic_net,3
2023-03,2023Q1,3,2.3030327572486216,-0.30033275724862163,1.103735902883481,3.4067686601321023,-1.4040686601321026,elastic_net,3
2023-06,2023Q2,3,2.5579931816692634,-0.4962931816692633,0.2090874534381108,2.7670806351073742,-0.7053806351073741,elastic_net,3
2023-09,2023Q3,3,2.387815169824383,2.473084830175617,-0.42615686234944633,1.9616583074749365,2.8992416925250635,elastic_net,3
2023-12,2023Q4,3,2.1419067284431694,1.2547932715568306,-1.0411372138396209,1.1007695146035485,2.2959304853964513,elastic_net,3
2024-03,2024Q1,3,2.5453465618065674,-1.1358465618065674,0.5405190086482964,3.085865570454864,-1.676365570454864,elastic_net,3
2024-06,2024Q2,3,2.5137555024697646,0.4757444975302354,-0.05588923823284006,2.4578662642369244,0.5316337357630755,elastic_net,3
2024-09,2024Q3,3,2.3223262878940147,0.7506737121059852,2.674366308106556,4.996692596000571,-1.9236925960005706,elastic_net,3
2024-12,2024Q4,3,1.7746299209588607,0.6748700790411393,1.2707739004234644,3.045403821382325,-0.5959038213823251,elastic_net,3
2025-03,2025Q1,3,3.3456445144029945,-3.8476445144029947,1.4997295606334435,4.845374075036438,-5.347374075036438,elastic_net,3
2025-06,2025Q2,3,3.5682475382985506,0.27035246170144944,3.7701531357112645,7.338400674009815,-3.499800674009815,elastic_net,3
2010-03,2010Q1,3,3.1212953800066905,-0.3832953800066905,1.447867565260211,4.569162945266902,-1.8311629452669016,gbr,3
2010-06,2010Q2,3,5.89496792818422,-4.176067928184221,0.4794108166793824,6.374378744863603,-4.655478744863603,gbr,3
2010-09,2010Q3,3,2.7809531914209678,-0.22245319142096776,-0.6276026091762508,2.153350582244717,0.405149417755283,gbr,3
2010-12,2010Q4,3,2.7238707143559338,0.3905292856440661,1.2744967580707363,3.9983674724266702,-0.8839674724266702,gbr,3
2011-03,2011Q1,3,5.405257330968036,-3.490457330968036,-0.4684302040866812,4.936827126881354,-3.0220271268813548,gbr,3
2011-06,2011Q2,3,2.900395587329409,-1.566295587329409,-0.2867053785772004,2.613690208752209,-1.2795902087522086,gbr,3
2011-09,2011Q3,3,2.4177235966439565,-0.6032235966439565,0.2020972937575777,2.619820890401534,-0.8053208904015342,gbr,3
2011-12,2011Q4,3,3.32826676236363,-0.37366676236363006,-0.6383036358314098,2.6899631265322204,0.26463687346777975,gbr,3
2012-03,2012Q1,3,4.596057091093187,-2.7243570910931876,-2.2575881269192877,2.3384689641738996,-0.4667689641738999,gbr,3
2012-06,2012Q2,3,2.6881453937355273,-1.4354453937355274,-1.370918987112187,1.3172264066233403,-0.06452640662334042,gbr,3
2012-09,2012Q3,3,1.5254368111737846,1.5805631888262153,-0.3519852052170593,1.1734516059567253,1.9325483940432746,gbr,3
2012-12,2012Q4,3,2.2897990412378,-1.9112990412378001,-0.6232076560990767,1.6665913851387235,-1.2880913851387235,gbr,3
2013-03,2013Q1,3,3.3289219167356787,-1.5521219167356788,-0.44556262462515966,2.883359292110519,-1.1065592921105192,gbr,3
2013-06,2013Q2,3,1.941842313292969,0.539857686707031,-0.443108657659771,1.498733655633198,0.982966344366802,gbr,3
2013-09,2013Q3,3,2.763249114273744,1.3708508857262562,-0.73401734988859,2.0292317643851536,2.1048682356148465,gbr,3
2013-12,2013Q4,3,3.519523695799461,-0.8929236957994613,-0.5241973426627473,2.995326353136714,-0.368726353136714,gbr,3
2014-03,2014Q1,3,2.322166748693811,-5.252566748693811,-1.1921076670782678,1.1300590816155434,-4.060459081615543,gbr,3
2014-06,2014Q2,3,4.04969859144105,0.5423014085589495,-1.6360221195920701,2.41367647184898,2.1783235281510196,gbr,3
2014-09,2014Q3,3,2.925007144842553,2.0416928551574474,-1.082519874689048,1.8424872701535049,3.1242127298464952,gbr,3
2014-12,2014Q4,3,3.8300171528065095,-1.6126171528065094,-0.9693722746134918,2.8606448781930176,-0.6432448781930176,gbr,3
2015-03,2015Q1,3,2.469209503652082,-2.640909503652082,-0.7614407789158282,1.7077687247362539,-1.8794687247362538,gbr,3
2015-06,2015Q2,3,2.505096735989509,1.415903264010491,-0.2866117141696138,2.218485021819895,1.7025149781801048,gbr,3
2015-09,2015Q3,3,2.482553037495932,-0.4990530374959319,0.4339986418901705,2.9165516793861026,-0.9330516793861023,gbr,3
2015-12,2015Q4,3,3.197945977322267,-1.8114459773222669,-0.5592363703371218,2.6387096069851452,-1.252209606985145,gbr,3
2016-03,2016Q1,3,2.7243925118269483,-1.6514925118269483,0.018338879140540665,2.742731390967489,-1.669831390967489,gbr,3
2016-06,2016Q2,3,2.1256691321032872,-0.7118691321032873,-1.1715974576123296,0.9540716744909576,0.4597283255090423,gbr,3
2016-09,2016Q3,3,2.2867520987025216,1.2296479012974784,-0.13142751547513534,2.155324583227386,1.3610754167726138,gbr,3
2016-12,2016Q4,3,2.509656155422442,-0.42985615542244204,0.6759302966696322,3.1855864520920742,-1.1057864520920742,gbr,3
2017-03,2017Q1,3,3.5520430982947464,-2.128943098294746,-1.5744853815346194,1.977557716760127,-0.5544577167601268,gbr,3
2017-06,2017Q2,3,2.525015417707346,0.5361845822926541,0.031152119004388776,2.5561675367117345,0.5050324632882653,gbr,3
2017-09,2017Q3,3,2.130769050637098,1.024930949362902,-0.6700616881692726,1.4607073624678253,1.6949926375321747,gbr,3
2017-12,2017Q4,3,3.644789614331701,-0.7568896143317008,-1.765131713951137,1.8796579003805638,1.0082420996194363,gbr,3
2018-03,2018Q1,3,3.526094773865594,-1.535294773865594,-2.817668454175457,0.7084263196901368,1.282373680309863,gbr,3
2018-06,2018Q2,3,2.743082898047136,1.415417101952864,0.0719692530835677,2.8150521511307036,1.3434478488692965,gbr,3
2018-09,2018Q3,3,2.903615485276159,0.452484514723841,1.0921828301585985,3.9957983154347576,-0.6396983154347575,gbr,3
2018-12,2018Q4,3,2.7942675276867788,-0.6273675276867787,0.5231209877416279,3.317388515428407,-1.1504885154284066,gbr,3
2019-03,2019Q1,3,2.249430898166236,0.8773691018337639,-0.6852498916360924,1.5641810065301436,1.5626189934698562,gbr,3
2019-06,2019Q2,3,1.7227646231591283,0.2915353768408717,-0.024854057352439965,1.6979105658066882,0.31638943419331167,gbr,3
2019-09,2019Q3,3,2.682150149041889,-0.5797501490418893,-0.7130142251062467,1.9691359239356423,0.13326407606435742,gbr,3
2019-12,2019Q4,3,2.144570728809348,-0.0170707288093479,-2.207363133654813,-0.06279240484546511,2.190292404845465,gbr,3
2020-03,2020Q1,3,2.8396343575148224,-7.833334357514822,0.3236437224779158,3.1632780799927382,-8.156978079992738,gbr,3
2020-06,2020Q2,3,-15.7728580682593,-15.6098419317407,1.9115923132564958,-13.861265755002805,-17.521434244997195,gbr,3
2020-09,2020Q3,3,13.30040484324063,20.140595156759375,-1.8118399077053327,11.488564935535297,21.95243506446471,gbr,3
2020-12,2020Q4,3,0.24393088244269112,4.081169117557309,0.08772438183933567,0.3316552642820268,3.993444735717973,gbr,3
2021-03,2021Q1,3,6.445527615799353,-0.0845276157993533,1.1162001215098756,7.561727737309228,-1.2007277373092289,gbr,3
2021-06,2021Q2,3,1.918222702005434,4.806877297994566,0.7733178518490391,2.691540553854473,4.033559446145527,gbr,3
2021-09,2021Q3,3,4.940698073811647,-2.636898073811647,-1.4505756397593756,3.490122434052271,-1.1863224340522713,gbr,3
2021-12,2021Q4,3,4.303606980932482,2.5909930190675174,-0.9914542077453194,3.3121527731871625,3.582447226812837,gbr,3
2022-03,2022Q1,3,2.92416225086644,-4.49816225086644,-2.203070767636443,0.7210914832299968,-2.295091483229997,gbr,3
2022-06,2022Q2,3,4.795762097812129,-5.372662097812129,-2.816374175853626,1.9793879219585029,-2.556287921958503,gbr,3
2022-09,2022Q3,3,1.9608755356938952,1.2826244643061049,-2.2059868941539285,-0.2451113584600333,3.4886113584600333,gbr,3
2022-12,2022Q4,3,2.315192170977631,0.25830782902236926,-2.382459294896307,-0.06726712391867595,2.640767123918676,gbr,3
2023-03,2023Q1,3,2.3030327572486216,-0.30033275724862163,-1.4384759941395024,0.8645567631091191,1.1381432368908808,gbr,3
2023-06,2023Q2,3,2.5579931816692634,-0.4962931816692633,-2.1596700391590486,0.3983231425102147,1.6633768574897854,gbr,3
2023-09,2023Q3,3,2.387815169824383,2.473084830175617,-4.342753721944674,-1.954938552120291,6.815838552120291,gbr,3
2023-12,2023Q4,3,2.1419067284431694,1.2547932715568306,-2.132925020545315,0.008981707897854463,3.3877182921021456,gbr,3
2024-03,2024Q1,3,2.5453465618065674,-1.1358465618065674,-1.8927204339378587,0.6526261278687087,0.7568738721312913,gbr,3
2024-06,2024Q2,3,2.5137555024697646,0.4757444975302354,0.7377429279540826,3.2514984304238475,-0.2619984304238472,gbr,3
2024-09,2024Q3,3,2.3223262878940147,0.7506737121059852,1.2837479797980833,3.6060742676920983,-0.5330742676920981,gbr,3
2024-12,2024Q4,3,1.7746299209588607,0.6748700790411393,0.2856718162117396,2.0603017371706005,0.3891982628293997,gbr,3
2025-03,2025Q1,3,3.3456445144029945,-3.8476445144029947,-1.1879591157525864,2.157685398650408,-2.6596853986504083,gbr,3
2025-06,2025Q2,3,3.5682475382985506,0.27035246170144944,1.5269295237177534,5.095177062016304,-1.256577062016304,gbr,3
2010-03,2010Q1,3,3.1212953800066905,-0.3832953800066905,0.27777361510661586,3.399068995113306,-0.6610689951133064,rf,3
2010-06,2010Q2,3,5.89496792818422,-4.176067928184221,0.23922751220073615,6.134195440384957,-4.415295440384957,rf,3
2010-09,2010Q3,3,2.7809531914209678,-0.22245319142096776,-0.22241574828565402,2.5585374431353136,-3.744313531373056e-05,rf,3
2010-12,2010Q4,3,2.7238707143559338,0.3905292856440661,0.47607320975189077,3.1999439241078247,-0.08554392410782469,rf,3
2011-03,2011Q1,3,5.405257330968036,-3.490457330968036,-0.29187410842618366,5.113383222541852,-3.1985832225418522,rf,3
2011-06,2011Q2,3,2.900395587329409,-1.566295587329409,-0.23849675862325237,2.661898828706157,-1.3277988287061566,rf,3
2011-09,2011Q3,3,2.4177235966439565,-0.6032235966439565,0.06470864668013428,2.482432243324091,-0.6679322433240908,rf,3
2011-12,2011Q4,3,3.32826676236363,-0.37366676236363006,-0.053916909533044476,3.2743498528305857,-0.3197498528305856,rf,3
2012-03,2012Q1,3,4.596057091093187,-2.7243570910931876,-0.9233915939617285,3.672665497131459,-1.800965497131459,rf,3
2012-06,2012Q2,3,2.6881453937355273,-1.4354453937355274,-0.907205031380518,1.7809403623550093,-0.5282403623550094,rf,3
2012-09,2012Q3,3,1.5254368111737846,1.5805631888262153,0.2628855517823279,1.7883223629561125,1.3176776370438874,rf,3
2012-12,2012Q4,3,2.2897990412378,-1.9112990412378001,-0.98779919807392,1.3019998431638802,-0.9234998431638801,rf,3
2013-03,2013Q1,3,3.3289219167356787,-1.5521219167356788,-0.18606159313391363,3.142860323601765,-1.3660603236017652,rf,3
2013-06,2013Q2,3,1.941842313292969,0.539857686707031,-0.2915434073449726,1.6502989059479964,0.8314010940520036,rf,3
2013-09,2013Q3,3,2.763249114273744,1.3708508857262562,-0.8786504821156331,1.8845986321581107,2.2495013678418894,rf,3
2013-12,2013Q4,3,3.519523695799461,-0.8929236957994613,-0.28222521298743386,3.2372984828120273,-0.6106984828120274,rf,3
2014-03,2014Q1,3,2.322166748693811,-5.252566748693811,-1.3953606943502759,0.9268060543435352,-3.8572060543435347,rf,3
2014-06,2014Q2,3,4.04969859144105,0.5423014085589495,-1.4051917487792673,2.644506842661783,1.9474931573382168,rf,3
2014-09,2014Q3,3,2.925007144842553,2.0416928551574474,-1.3973688896947,1.527638255147853,3.4390617448521477,rf,3
2014-12,2014Q4,3,3.8300171528065095,-1.6126171528065094,-0.4533392027177402,3.3766779500887694,-1.1592779500887693,rf,3
2015-03,2015Q1,3,2.469209503652082,-2.640909503652082,-1.0648692451073902,1.4043402585446918,-1.5760402585446918,rf,3
2015-06,2015Q2,3,2.505096735989509,1.415903264010491,-0.4491976763758023,2.0558990596137066,1.8651009403862933,rf,3
2015-09,2015Q3,3,2.482553037495932,-0.4990530374959319,-0.0250739041262804,2.4574791333696515,-0.4739791333696515,rf,3
2015-12,2015Q4,3,3.197945977322267,-1.8114459773222669,-0.4812422029470147,2.7167037743752522,-1.3302037743752522,rf,3
2016-03,2016Q1,3,2.7243925118269483,-1.6514925118269483,-0.08328203151788405,2.6411104803090644,-1.5682104803090642,rf,3
2016-06,2016Q2,3,2.1256691321032872,-0.7118691321032873,-0.7417671815456012,1.3839019505576862,0.02989804944231389,rf,3
2016-09,2016Q3,3,2.2867520987025216,1.2296479012974784,0.4367384305062208,2.7234905292087426,0.7929094707912576,rf,3
2016-12,2016Q4,3,2.509656155422442,-0.42985615542244204,0.3659325949490077,2.87558875037145,-0.7957887503714498,rf,3
2017-03,2017Q1,3,3.5520430982947464,-2.128943098294746,-0.7410864631961721,2.810956635098574,-1.387856635098574,rf,3
2017-06,2017Q2,3,2.525015417707346,0.5361845822926541,0.10969841937387446,2.6347138370812204,0.4264861629187796,rf,3
2017-09,2017Q3,3,2.130769050637098,1.024930949362902,-0.3045987281603995,1.8261703224766985,1.3295296775233014,rf,3
2017-12,2017Q4,3,3.644789614331701,-0.7568896143317008,-1.0505081327609307,2.5942814815707704,0.2936185184292299,rf,3
2018-03,2018Q1,3,3.526094773865594,-1.535294773865594,-1.8051321557315747,1.7209626181340192,0.2698373818659807,rf,3
2018-06,2018Q2,3,2.743082898047136,1.415417101952864,0.23536557885779275,2.9784484769049286,1.1800515230950714,rf,3
2018-09,2018Q3,3,2.903615485276159,0.452484514723841,0.07250770375572253,2.9761231890318816,0.3799768109681185,rf,3
2018-12,2018Q4,3,2.7942675276867788,-0.6273675276867787,0.37738139442947405,3.171648922116253,-1.0047489221162529,rf,3
2019-03,2019Q1,3,2.249430898166236,0.8773691018337639,0.040039088520870354,2.289469986687106,0.8373300133128936,rf,3
2019-06,2019Q2,3,1.7227646231591283,0.2915353768408717,-0.6725407878854053,1.050223835273723,0.964076164726277,rf,3
2019-09,2019Q3,3,2.682150149041889,-0.5797501490418893,-0.7254627085825104,1.9566874404593788,0.14571255954062112,rf,3
2019-12,2019Q4,3,2.144570728809348,-0.0170707288093479,-0.9690652748041896,1.1755054540051582,0.9519945459948417,rf,3
2020-03,2020Q1,3,2.8396343575148224,-7.833334357514822,-0.30421991191152403,2.5354144456032985,-7.529114445603298,rf,3
2020-06,2020Q2,3,-15.7728580682593,-15.6098419317407,0.5079620396698679,-15.264896028589432,-16.117803971410567,rf,3
2020-09,2020Q3,3,13.30040484324063,20.140595156759375,-0.7941099712491954,12.506294871991434,20.93470512800857,rf,3
2020-12,2020Q4,3,0.24393088244269112,4.081169117557309,-0.019352283482950452,0.22457859895974067,4.100521401040259,rf,3
2021-03,2021Q1,3,6.445527615799353,-0.0845276157993533,0.792340948899156,7.237868564698509,-0.8768685646985093,rf,3
2021-06,2021Q2,3,1.918222702005434,4.806877297994566,0.3701544779297768,2.288377179935211,4.436722820064789,rf,3
2021-09,2021Q3,3,4.940698073811647,-2.636898073811647,-0.9727109913349502,3.9679870824766965,-1.6641870824766967,rf,3
2021-12,2021Q4,3,4.303606980932482,2.5909930190675174,-0.7943508399839968,3.5092561409484855,3.385343859051514,rf,3
2022-03,2022Q1,3,2.92416225086644,-4.49816225086644,0.2013717000655767,3.1255339509320166,-4.699533950932017,rf,3
2022-06,2022Q2,3,4.795762097812129,-5.372662097812129,1.3202168554475189,6.115978953259647,-6.6928789532596475,rf,3
2022-09,2022Q3,3,1.9608755356938952,1.2826244643061049,1.2032833938635936,3.164158929557489,0.07934107044251126,rf,3
2022-12,2022Q4,3,2.315192170977631,0.25830782902236926,1.5281426780673446,3.8433348490449752,-1.2698348490449753,rf,3
2023-03,2023Q1,3,2.3030327572486216,-0.30033275724862163,1.3068377839695595,3.6098705412181813,-1.6071705412181811,rf,3
2023-06,2023Q2,3,2.5579931816692634,-0.4962931816692633,0.25811426198138215,2.8161074436506457,-0.7544074436506454,rf,3
2023-09,2023Q3,3,2.387815169824383,2.473084830175617,0.26903618308489763,2.6568513529092805,2.2040486470907195,rf,3
2023-12,2023Q4,3,2.1419067284431694,1.2547932715568306,0.2754969156326457,2.417403644075815,0.979296355924185,rf,3
2024-03,2024Q1,3,2.5453465618065674,-1.1358465618065674,-2.7124872990727953,-0.1671407372662279,1.5766407372662279,rf,3
2024-06,2024Q2,3,2.5137555024697646,0.4757444975302354,-0.1203065733198875,2.3934489291498773,0.5960510708501229,rf,3
2024-09,2024Q3,3,2.3223262878940147,0.7506737121059852,-0.6845791842627948,1.63774710363122,1.43525289636878,rf,3
2024-12,2024Q4,3,1.7746299209588607,0.6748700790411393,-0.4369698565039967,1.337660064454864,1.111839935545136,rf,3
2025-03,2025Q1,3,3.3456445144029945,-3.8476445144029947,-2.013368374963209,1.3322761394397853,-1.8342761394397855,rf,3
2025-06,2025Q2,3,3.5682475382985506,0.27035246170144944,0.367764775484948,3.9360123137834986,-0.09741231378349857,rf,3
